f4:bd:9e,思科
40:55:82,诺基亚
a4:e3:1b,诺基亚
08:60:83,中兴
e0:19:54,中兴
30:fb:b8,华为
a4:45:19,小米
24:46:c8,联想
18:02:ae,vivo
0c:20:d3,vivo
44:d7:91,华为
84:46:fe,华为
d8:29:18,华为
d0:d0:03,三星
08:4f:a9,思科
08:4f:f9,思科
50:98:b8,H3C
b8:4d:ee,海信
d4:6b:a6,华为
cc:05:77,华为
30:8b:b2,思科
08:68:8d,H3C
08:b3:af,vivo
60:8b:0e,苹果
d4:62:ea,华为
54:ba:d6,华为
6c:5e:3b,思科
24:16:6d,华为
94:0b:19,华为
70:c7:f2,华为
88:f5:6e,华为
c8:c2:fa,华为
88:b3:62,诺基亚
08:47:d0,诺基亚
08:9c:86,诺基亚
7c:89:56,三星
88:29:9c,三星
cc:64:a6,华为
50:af:4d,中兴
c8:ea:f8,中兴
70:9f:2d,中兴
20:17:42,LG
cc:88:26,LG
d4:4d:a4,Murata Manufacturing
a0:91:a2,一加
d4:6a:35,思科
d0:9c:7a,小米
00:30:85,思科
c4:b3:6a,思科
6c:8b:d3,思科
24:79:f3,OPPO
c4:e3:9f,OPPO
f8:9a:78,华为
88:f8:72,华为
ec:56:23,华为
54:86:bc,思科
50:ec:50,小米
70:57:bf,H3C
18:02:2d,华为
8c:79:f5,三星
48:f8:db,华为
00:12:2a,伟易达
58:cb:52,谷歌
ac:8f:f8,诺基亚
94:24:e1,阿尔卡特
88:b2:91,苹果
c4:2a:d0,苹果
cc:d2:81,苹果
d8:1e:dd,OPPO
ac:f6:f7,LG
c0:2e:25,OPPO
00:ee:ab,思科
84:69:91,诺基亚
7c:d9:5c,谷歌
dc:31:d1,vivo
d4:92:34,日本电气
2c:2b:f9,LG
58:c6:f0,OPPO
64:c2:de,LG
84:13:9f,中兴
70:bc:10,微软
50:00:84,西门子
8c:df:9d,日本电气
70:35:09,思科
44:1a:fa,H3C
04:07:2e,伟易达
10:c5:95,联想
a8:b4:56,思科
2c:a9:f0,OPPO
54:9b:72,爱立信
68:99:cd,思科
10:40:f3,苹果
58:6b:14,苹果
bc:b8:63,苹果
44:e6:6e,苹果
c0:e8:62,苹果
f4:06:16,苹果
3c:8d:20,谷歌
60:1d:91,联想
d4:c9:4b,联想
70:bb:e9,小米
50:a0:a4,诺基亚
10:98:c3,Murata Manufacturing
10:c7:53,Intel英特尔
90:e7:10,H3C
e0:13:b5,vivo
00:b1:e3,思科
a4:11:94,联想
00:b7:71,思科
e4:b2:fb,苹果
80:7d:14,华为
20:28:3e,华为
4c:56:9d,苹果
38:53:9c,苹果
40:26:19,苹果
6c:e8:5c,苹果
f8:38:80,苹果
d0:03:df,三星
b4:cb:57,OPPO
88:f7:bf,vivo
18:d7:17,OPPO
dc:f5:05,AzureWave海华
88:10:8f,华为
f4:63:1f,华为
a4:9b:4f,华为
fc:03:9f,三星
00:57:c1,LG
00:40:84,惠普
a4:d9:90,三星
dc:f7:19,思科
2c:15:e1,斐讯
30:d1:6b,Liteon光宝
34:2e:b6,华为
ac:92:32,华为
88:df:9e,H3C
78:0c:f0,思科
8c:6d:77,华为
a0:cf:5b,思科
8c:a0:48,托普
24:d3:f2,中兴
20:a6:0c,小米
3c:57:6c,三星
14:57:9f,华为
b4:43:26,华为
74:c1:4f,华为
b0:eb:57,华为
f8:5c:4d,诺基亚
00:fc:ba,思科
4c:c0:0a,vivo
9c:e8:2b,vivo
70:79:b3,思科
14:9b:2f,Intel英特尔
e4:b0:21,三星
f8:98:ef,华为
58:f9:87,华为
a8:f5:ac,华为
58:ba:d4,华为
04:e2:29,海尔
9c:e8:95,H3C
10:94:bb,苹果
78:1d:4a,中兴
f8:6f:c1,苹果
28:ff:3c,苹果
f0:99:b6,苹果
88:e9:fe,苹果
38:89:2c,苹果
74:9e:af,苹果
94:bf:2d,苹果
68:ca:e4,思科
00:be:3b,华为
7c:a1:77,华为
24:2e:02,华为
80:35:c1,小米
20:47:da,小米
24:29:fe,京瓷
a4:93:3f,华为
28:ac:9e,思科
e4:c4:83,OPPO
b0:ac:d2,中兴
6c:e4:da,日本电气
f0:0f:ec,华为
ac:07:5f,华为
c0:48:e6,三星
00:be:75,思科
50:1c:b0,思科
24:7e:12,思科
04:c2:41,诺基亚
30:7b:ac,H3C
78:5d:c8,LG
88:3d:24,谷歌
b4:a8:b9,思科
38:e6:0a,小米
40:cb:c0,苹果
c4:61:8b,苹果
cc:6e:a4,三星
00:5d:73,思科
00:27:90,思科
08:e6:89,苹果
dc:56:e7,苹果
a8:16:d0,三星
a4:6c:f1,三星
08:ae:d6,三星
dc:bf:e9,联想
6c:b2:ae,思科
a0:9d:86,阿尔卡特
a0:9d:c1,东方龙
6c:76:60,京瓷
e8:2a:44,Liteon光宝
f0:6e:0b,微软
54:33:cb,苹果
34:08:bc,苹果
1c:36:bb,苹果
3c:2e:ff,苹果
24:f6:77,苹果
b0:ca:68,苹果
c8:3c:85,苹果
a8:82:00,海信
3c:a6:16,vivo
9c:e0:63,三星
d0:31:69,三星
3c:c0:79,Intel英特尔
98:c5:db,爱立信
14:9f:3c,三星
40:8b:f6,王牌
7c:64:56,三星
f4:6e:24,日本电气
88:82:79,Intel英特尔
10:44:00,华为
b0:e1:7e,华为
e4:a7:c5,华为
dc:f0:90,努比亚
cc:5a:53,思科
08:4a:cf,OPPO
8c:5f:48,Intel英特尔
64:6e:69,Liteon光宝
70:6b:b9,思科
d4:38:9c,索尼
00:c0:ee,京瓷
24:5f:df,京瓷
9c:63:ed,中兴
b8:63:4d,苹果
2c:b2:1a,斐讯
a4:e9:75,苹果
30:35:ad,苹果
84:41:67,苹果
98:00:c6,苹果
ac:1f:74,苹果
a8:5c:2c,苹果
00:db:70,苹果
fc:e5:57,诺基亚
48:c5:8d,乐视
bc:c3:42,松下
00:1b:d3,松下
cc:7e:e7,松下
20:c6:eb,松下
84:80:2d,思科
00:19:87,松下
f8:6e:ee,华为
78:02:b1,思科
00:18:8d,诺基亚
4c:49:e3,小米
a8:96:75,联想
38:9a:f6,三星
e0:aa:96,三星
50:77:05,三星
18:80:90,思科
78:62:56,华为
b0:55:08,华为
00:1a:93,乐视
8c:9f:3b,海信
ac:ed:5c,Intel英特尔
70:df:2f,思科
34:f6:4b,Intel英特尔
90:61:ae,Intel英特尔
f4:b7:b3,vivo
00:27:e3,思科
00:ec:0a,小米
c8:d7:b0,三星
74:da:da,D-Link
90:97:f3,三星
7c:1c:68,三星
c0:87:eb,三星
d0:f8:8c,摩托罗拉
d4:c1:c8,中兴
88:d2:74,中兴
00:e1:8c,Intel英特尔
88:15:44,思科
c4:ab:b2,vivo
28:a6:db,华为
14:a0:f8,华为
c8:f8:6d,阿尔卡特
00:11:8b,阿尔卡特
00:e0:b1,阿尔卡特
00:e0:da,阿尔卡特
e4:42:a6,Intel英特尔
3c:67:8c,华为
d4:50:3f,OPPO
38:8c:50,LG
dc:08:56,阿尔卡特
1c:da:27,vivo
04:95:73,中兴
f0:d7:aa,联想
30:96:fb,三星
48:27:ea,三星
7c:78:7e,三星
24:5b:a7,苹果
70:f0:87,苹果
60:91:f3,vivo
28:39:5e,三星
38:29:5a,OPPO
cc:82:eb,京瓷
40:9f:38,AzureWave海华
bc:2f:3d,vivo
40:7d:0f,华为
68:cc:6e,华为
50:40:61,诺基亚
54:e3:f6,阿尔卡特
78:c1:a7,中兴
3c:bd:3e,小米
d4:7a:e2,三星
d4:b1:69,乐视
e4:47:90,OPPO
d8:e0:e1,三星
d8:c7:71,华为
b0:f9:63,H3C
d4:90:e0,托普
98:d2:93,谷歌
f0:1d:bc,微软
b0:70:2d,苹果
6c:19:c0,苹果
00:db:df,Intel英特尔
8c:e1:17,中兴
68:8a:f0,中兴
80:d4:a5,华为
04:b0:e7,华为
44:6a:2e,华为
10:62:eb,D-Link
a0:6f:aa,LG
18:65:71,托普
f8:3f:51,三星
d0:58:a8,中兴
d0:71:c4,中兴
a0:cc:2b,Murata Manufacturing
50:01:d9,华为
24:c4:4a,中兴
98:54:1b,Intel英特尔
dc:0b:34,LG
40:4e:36,HTC
2c:33:61,苹果
60:a4:d0,三星
00:87:01,三星
5c:99:60,三星
48:7b:6b,华为
88:3f:d3,华为
10:1d:c0,三星
40:7c:7d,诺基亚
68:eb:ae,三星
44:4e:1a,三星
78:47:1d,三星
a0:75:91,三星
0c:df:a4,三星
b0:72:bf,Murata Manufacturing
b8:ee:65,Liteon光宝
f4:d9:fb,三星
3c:62:00,三星
50:b7:c3,三星
1c:5a:3e,三星
a0:21:95,三星
e4:7c:f9,三星
48:44:f7,三星
00:13:77,三星
00:24:54,三星
e8:11:32,三星
c0:65:99,三星
bc:79:ad,三星
4c:3c:16,三星
00:73:e0,三星
00:17:d5,三星
00:1e:7d,三星
00:1d:f6,三星
f0:08:f1,三星
58:c3:8b,三星
00:e3:b2,三星
30:19:66,三星
f0:e7:7e,三星
94:35:0a,三星
00:1d:25,三星
34:31:11,三星
08:fd:0e,三星
04:1b:ba,三星
88:9b:39,三星
e4:32:cb,三星
10:d5:42,三星
a0:82:1f,三星
f0:6b:ca,三星
ac:36:13,三星
f0:03:8c,AzureWave海华
18:d2:76,华为
a8:a6:48,海信
84:ef:18,Intel英特尔
48:fd:8e,华为
ac:61:75,华为
24:44:27,华为
00:25:61,惠普
48:49:c7,三星
84:98:66,三星
a0:98:ed,Intel英特尔
18:80:f5,阿尔卡特
10:e8:78,诺基亚
10:f9:6f,LG
c4:43:8f,LG
a0:91:69,LG
98:93:cc,LG
3c:cd:93,LG
20:21:a5,LG
6c:d6:8a,LG
00:19:25,Intel英特尔
94:76:b7,三星
2c:54:cf,LG
48:59:29,LG
58:a2:b5,LG
00:24:83,LG
00:1f:e3,LG
f0:42:1c,Intel英特尔
00:0f:62,阿尔卡特
88:12:4e,高通
5c:a8:6a,华为
00:15:b7,东芝
e8:9d:87,东芝
9c:a5:c0,vivo
e0:ac:f1,思科
ac:37:43,HTC
00:1d:7e,思科
fc:2d:5e,中兴
90:cf:7d,海信
38:76:ca,Intel英特尔
04:27:58,华为
9c:e3:74,华为
b8:bb:af,三星
60:c5:ad,三星
f8:45:ad,康佳
00:0f:e2,H3C
80:f6:2e,H3C
ec:ad:b8,苹果
98:01:a7,苹果
68:79:ed,夏普
24:f0:94,苹果
08:6d:41,苹果
b4:d5:bd,Intel英特尔
28:e3:1f,小米
dc:d9:16,华为
70:f9:6d,H3C
08:3f:bc,中兴
30:e3:7a,Intel英特尔
9c:74:1a,华为
e4:a8:b6,华为
24:4c:07,华为
54:51:1b,华为
1c:ea:1b,诺基亚
d4:61:2e,华为
00:1f:a7,索尼
cc:b1:1a,三星
00:c1:64,思科
e4:fa:ed,三星
28:83:35,三星
dc:cf:96,三星
1c:5f:2b,D-Link
84:68:3e,Intel英特尔
e4:b3:18,Intel英特尔
e0:c7:67,苹果
80:ed:2c,苹果
00:19:4f,诺基亚
00:bd:3a,诺基亚
80:50:1b,诺基亚
a0:4e:04,诺基亚
00:12:62,诺基亚
00:14:a7,诺基亚
00:15:a0,诺基亚
00:16:bc,诺基亚
00:17:4b,诺基亚
00:26:69,诺基亚
ac:61:ea,苹果
38:b5:4d,苹果
1c:5c:f2,苹果
a8:7e:33,诺基亚
00:24:03,诺基亚
00:24:04,诺基亚
00:19:b7,诺基亚
00:17:b0,诺基亚
00:21:09,诺基亚
00:21:08,诺基亚
00:1b:33,诺基亚
00:15:de,诺基亚
00:02:ee,诺基亚
3c:59:1e,王牌
a8:06:00,三星
14:c1:26,诺基亚
f0:5a:09,三星
50:32:75,三星
08:fc:88,三星
24:f5:aa,三星
98:83:89,三星
84:a4:66,三星
c4:57:6e,三星
50:85:69,三星
f8:d0:bd,三星
78:59:5e,三星
0c:14:20,三星
94:b1:0a,三星
3c:bb:fd,三星
a4:84:31,三星
a0:b4:a5,三星
e4:f8:ef,三星
74:5a:aa,华为
04:fe:8d,华为
00:26:75,中兴
48:9d:24,黑莓
70:9e:29,索尼
a4:db:30,Liteon光宝
40:f0:2f,Liteon光宝
00:23:45,索尼
6c:0e:0d,索尼
6c:23:b9,索尼
30:17:c8,索尼
00:12:ee,索尼
00:16:20,索尼
00:19:63,索尼
00:1f:e4,索尼
20:54:76,索尼
00:1a:80,索尼
00:25:d3,AzureWave海华
1c:4b:d6,AzureWave海华
08:a9:5a,AzureWave海华
94:db:c9,AzureWave海华
24:0a:64,AzureWave海华
40:e2:30,AzureWave海华
80:d2:1d,AzureWave海华
80:86:f2,Intel英特尔
e0:94:67,Intel英特尔
08:d4:0c,Intel英特尔
6c:88:14,Intel英特尔
30:3a:64,Intel英特尔
ac:fd:ce,Intel英特尔
7c:cc:b8,Intel英特尔
f4:06:69,Intel英特尔
00:1d:e1,Intel英特尔
90:e2:ba,Intel英特尔
00:26:c7,Intel英特尔
00:26:c6,Intel英特尔
e0:9d:31,Intel英特尔
88:53:2e,Intel英特尔
74:c9:9a,爱立信
00:16:76,Intel英特尔
00:16:ea,Intel英特尔
00:1b:77,Intel英特尔
00:1c:c0,Intel英特尔
10:4a:7d,Intel英特尔
b0:79:94,联想
a4:70:d6,联想
00:1f:3b,Intel英特尔
00:21:5d,Intel英特尔
00:21:6a,Intel英特尔
c4:66:99,vivo
c8:f2:30,OPPO
8c:0e:e3,OPPO
00:14:bf,思科
cc:b2:55,D-Link
28:10:7b,D-Link
fc:75:16,D-Link
84:c9:b2,D-Link
c8:d3:a3,D-Link
00:50:ba,D-Link
00:17:9a,D-Link
00:1c:f0,D-Link
00:1e:58,D-Link
00:22:b0,D-Link
00:24:01,D-Link
1c:af:f7,D-Link
14:d6:4d,D-Link
90:94:e4,D-Link
48:ad:08,华为
4c:fb:45,华为
00:9a:cd,华为
3c:5a:b4,谷歌
f4:f5:e8,谷歌
94:eb:2c,谷歌
28:ed:6a,苹果
38:f2:3e,微软
e4:f8:9c,Intel英特尔
6c:a1:00,Intel英特尔
00:12:f0,Intel英特尔
a4:02:b9,Intel英特尔
dc:53:60,Intel英特尔
00:0c:f1,Intel英特尔
90:21:55,HTC
7c:b1:5d,华为
d8:b3:77,HTC
b0:aa:36,OPPO
78:4b:87,Murata Manufacturing
40:f3:08,Murata Manufacturing
a0:93:47,OPPO
e8:bb:a8,OPPO
a4:d1:8c,苹果
24:1e:eb,苹果
cc:25:ef,苹果
88:cf:98,华为
38:f8:89,华为
d0:7a:b5,华为
00:19:c6,中兴
b4:30:52,华为
80:d0:9b,华为
1c:8e:5c,华为
84:74:2a,中兴
9c:d2:4b,中兴
c8:7b:5b,中兴
90:4e:2b,华为
20:08:ed,华为
00:34:fe,华为
c8:51:95,华为
40:cb:a8,华为
d4:6e:5c,华为
88:53:d4,华为
04:c0:6f,华为
20:2b:c1,华为
54:a5:1b,华为
00:25:68,华为
78:1d:ba,华为
00:25:9e,华为
d4:6a:a8,华为
b8:bc:1b,华为
58:2a:f7,华为
4c:8b:ef,华为
50:06:ab,思科
fc:48:ef,华为
70:7b:e8,华为
4c:1f:cc,华为
00:90:6d,思科
00:90:ab,思科
00:50:54,思科
00:50:0b,思科
00:50:53,思科
00:50:50,思科
d4:b1:10,华为
e4:68:a3,华为
34:00:a3,华为
00:90:2b,思科
00:e0:8f,思科
00:18:68,思科
88:75:56,思科
fc:99:47,思科
6c:20:56,思科
6c:41:6a,思科
ec:e1:a9,思科
c0:67:af,思科
ac:f2:c5,思科
24:01:c7,思科
68:86:a7,思科
c0:25:5c,思科
3c:0e:23,思科
08:cc:68,思科
0c:27:24,思科
6c:fa:89,思科
00:e0:a3,思科
60:2a:d0,思科
74:5e:1c,先锋
04:62:73,思科
d8:b1:90,思科
80:e8:6f,思科
ac:7e:8a,思科
1c:e8:5d,思科
a8:9d:21,思科
68:9c:e2,思科
00:23:be,思科
18:59:33,思科
44:58:29,思科
f4:4e:05,思科
88:1d:fc,思科
00:10:11,思科
00:00:0c,思科
28:cf:e9,苹果
00:a0:40,苹果
a0:f8:49,思科
3c:d0:f8,苹果
68:09:27,苹果
6c:c2:6b,苹果
44:d8:84,苹果
00:26:08,苹果
00:26:b0,苹果
00:26:bb,苹果
d4:9a:20,苹果
f8:1e:df,苹果
c8:2a:14,苹果
3c:07:54,苹果
a4:b1:97,苹果
f0:b4:79,苹果
10:93:e9,苹果
44:2a:60,苹果
a4:d1:d2,苹果
28:cf:da,苹果
00:30:65,苹果
00:14:51,苹果
00:1e:52,苹果
00:21:e9,苹果
cc:08:e0,苹果
04:54:53,苹果
f4:f9:51,苹果
c0:63:94,苹果
18:af:8f,苹果
c8:b5:b7,苹果
90:b2:1f,苹果
30:f7:c5,苹果
40:b3:95,苹果
44:fb:42,苹果
e8:8d:28,苹果
94:94:26,苹果
20:7d:74,苹果
f4:f1:5a,苹果
c8:6f:1d,苹果
30:90:ab,苹果
8c:2d:aa,苹果
84:85:06,苹果
98:fe:94,苹果
d8:00:4d,苹果
64:20:0c,苹果
c8:33:4b,苹果
64:e6:82,苹果
b8:e8:56,苹果
d8:96:95,苹果
14:99:e2,苹果
b4:18:d1,苹果
9c:20:7b,苹果
b0:65:bd,苹果
54:26:96,苹果
64:a3:cb,苹果
90:3c:92,苹果
d8:1d:72,苹果
34:12:98,苹果
70:e7:2c,苹果
70:ec:e4,苹果
68:ae:20,苹果
ac:87:a3,苹果
d8:bb:2c,苹果
d0:4f:7e,苹果
20:78:f0,苹果
e0:ac:cb,苹果
a0:99:9b,苹果
24:24:0e,苹果
f0:db:f8,苹果
48:74:6e,苹果
54:ae:27,苹果
fc:e9:98,苹果
0c:bc:9f,苹果
34:36:3b,苹果
d0:a6:37,苹果
78:9f:70,苹果
9c:f3:87,苹果
a8:5b:78,苹果
c8:f6:50,苹果
a8:8e:24,苹果
30:52:cb,Liteon光宝
04:96:45,日本电气
68:a8:28,华为
cc:20:e8,苹果
38:91:d5,H3C
78:d6:b2,东芝
70:48:0f,苹果
bc:9c:31,华为
f0:b0:e7,苹果
ac:89:95,AzureWave海华
04:69:f8,苹果
e4:c2:d1,华为
e8:b4:c8,三星
d0:87:e2,三星
f0:5b:7b,三星
b0:47:bf,三星
7c:0b:c6,三星
84:5b:12,华为
20:55:31,三星
cc:5f:bf,托普
80:c5:e6,微软
c4:12:f5,D-Link
e0:2c:b2,联想
54:cd:10,松下
e8:91:20,联想
d4:f9:a1,华为
54:40:ad,三星
80:4e:81,三星
c0:9a:71,美图秀秀
fc:8f:90,三星
74:04:2b,联想
44:80:eb,联想
c4:36:6c,LG
9c:d3:5b,三星
a8:9f:ba,三星
bc:d1:65,思科
48:86:e8,微软
30:d5:87,三星
d0:5b:a8,中兴
e4:ba:d9,360
ec:59:e7,微软
74:54:7d,思科
50:f4:3c,乐视
2c:29:97,微软
58:10:8c,Intel英特尔
bc:6b:4d,诺基亚
60:99:d1,联想
14:48:8b,朵唯
d4:37:d7,中兴
90:b6:86,Murata Manufacturing
d0:59:e4,三星
14:a3:64,三星
18:4a:6f,阿尔卡特
b4:0b:44,锤子
c0:9d:26,托普
fc:92:3b,诺基亚
dc:c7:93,诺基亚
b0:c5:54,D-Link
48:ee:86,UT斯达康
e4:81:84,诺基亚
2c:5a:05,诺基亚
84:a7:83,阿尔卡特
68:76:4f,索尼
94:ba:56,同洲
cc:7b:35,中兴
98:b0:39,诺基亚
54:22:f8,中兴
e0:dc:a0,西门子
c8:dd:c9,联想
90:1d:27,中兴
9c:31:78,Intel英特尔
8c:c5:e1,康佳
8c:e0:81,中兴
dc:9f:a4,诺基亚
48:f8:b3,思科
f4:b7:2a,日本电气
48:28:2f,中兴
a4:93:4c,思科
08:37:9c,托普
50:57:a8,思科
00:de:fb,思科
f8:30:94,阿尔卡特
38:e0:8e,三菱
44:2b:03,思科
c4:0a:cb,思科
d4:a0:2a,思科
54:53:ed,索尼
00:37:6d,Murata Manufacturing
34:aa:99,诺基亚
64:55:63,Intel英特尔
94:3a:f0,诺基亚
64:9e:f3,思科
9c:ca:d9,诺基亚
3c:e6:24,LG
c8:94:d2,大唐
64:a0:e7,思科
cc:ef:48,思科
64:ae:0c,思科
04:a8:2a,诺基亚
b8:62:1f,思科
d0:c2:82,思科
d4:c1:fc,诺基亚
58:35:d9,思科
88:f0:77,思科
90:cf:15,诺基亚
f0:bf:97,索尼
40:f4:ec,思科
a0:71:a9,诺基亚
f0:25:72,思科
e0:5f:b9,思科
58:8d:09,思科
c0:c1:c0,思科
5c:d9:98,D-Link
68:59:7f,阿尔卡特
d4:cb:af,诺基亚
58:bc:27,思科
20:d6:07,诺基亚
18:ef:63,思科
7c:ed:8d,微软
a4:0c:c3,思科
a8:b1:d4,思科
1c:17:d3,思科
c8:4c:75,思科
c0:8b:6f,Intel英特尔
c8:35:b8,爱立信
5c:57:c8,诺基亚
ec:c8:82,思科
00:64:40,思科
88:43:e1,思科
00:3a:99,思科
00:3a:9a,思科
00:3a:98,思科
9c:af:ca,思科
c4:7d:4f,思科
3c:df:1e,思科
7c:7b:e4,桑达
ec:30:91,思科
f4:ac:c1,思科
a0:2e:f3,乐视
00:27:0c,思科
00:26:51,思科
00:26:0b,思科
00:26:21,Intel英特尔
00:25:e9,i-mate
00:25:ba,阿尔卡特
00:25:38,三星
00:25:83,思科
00:25:8d,海尔
00:24:f9,思科
00:24:89,沃达丰
00:24:c3,思科
00:24:c4,思科
00:24:37,摩托罗拉
00:24:13,思科
00:23:dd,LG
00:23:ac,思科
00:22:e6,Intel英特尔
00:23:34,思科
00:22:a6,索尼
00:21:55,思科
00:1f:9d,思科
00:1f:6c,思科
00:1e:a8,大唐
00:1e:6b,思科
00:1d:eb,日本电气
00:1d:70,思科
00:1d:37,熊猫
00:1c:61,银河
00:1b:b6,波导
00:1b:3f,惠普
00:1b:0c,思科
00:1a:e2,思科
00:1a:e7,中兴
00:1a:95,海信
00:1a:24,银河
00:1a:2f,思科
00:19:a9,思科
00:19:56,思科
00:19:06,思科
00:18:9f,乐视
00:17:e0,思科
00:17:17,乐视
00:17:0e,思科
00:16:c7,思科
00:16:46,思科
00:15:c7,思科
00:15:07,乐视
00:15:15,乐视
00:15:3f,阿尔卡特
00:14:f1,思科
00:13:a0,LG
00:13:32,托普
00:12:ff,乐视
00:13:19,思科
00:12:7f,思科
00:12:80,思科
00:12:40,夏新
00:12:43,思科
00:11:bb,思科
00:11:06,西门子
00:0f:f8,思科
00:0e:84,思科
00:0d:ec,思科
00:0c:fd,现代
00:0c:c7,Intel英特尔
00:0b:67,托普
00:0a:b8,思科
00:0a:86,乐视
00:09:7c,思科
00:09:7b,思科
00:08:e3,思科
00:08:20,思科
00:08:62,日本电气
00:08:21,思科
00:07:57,托普
00:06:d7,思科
00:06:7b,托普
00:06:89,乐视
00:05:2f,乐视
00:05:5e,思科
00:05:73,思科
00:05:56,360
00:04:c1,思科
00:03:e4,思科
00:03:dc,乐视
00:03:a0,思科
00:02:7d,思科
00:00:87,日立
00:02:17,思科
00:01:d4,乐视
00:01:fb,托普
00:01:c7,思科
00:01:42,思科
00:01:64,思科
00:01:24,宏基
00:30:88,爱立信
00:30:7b,思科
00:30:71,思科
00:b0:4a,思科
00:30:a3,思科
00:30:f2,思科
00:30:96,思科
00:d0:97,思科
00:d0:53,日本电气
00:d0:33,大显
00:d0:63,思科
00:d0:e4,思科
00:d0:79,思科
00:d0:ba,思科
00:50:9e,乐视
00:50:09,飞利浦
00:90:75,日本电气
00:90:e4,日本电气
00:90:40,西门子
00:10:4c,乐视
00:e0:95,LG
00:e0:4e,三洋
00:a0:03,西门子
00:a0:ca,电送
00:20:aa,爱立信
00:20:0e,LG
00:c0:59,电送
00:c0:a8,致福
00:40:43,诺基亚
00:80:bc,日立
00:80:d4,采星
00:00:bd,三菱
00:00:dd,王牌
00:00:a0,三洋
08:00:7e,LG
08:00:23,松下
7c:f3:1b,LG
78:c8:81,索尼
0c:2f:b0,三星
b4:02:16,思科
f0:3f:95,华为
18:56:44,华为
9c:69:d1,华为
04:0e:3c,惠普
6c:d2:ba,中兴
fc:1c:a1,诺基亚
d4:2d:c5,松下
1c:1a:df,微软
d4:f5:47,谷歌
f0:b1:07,爱立信
70:ce:8c,三星
40:70:f5,苹果
b0:35:b5,苹果
80:0c:67,苹果
90:81:2a,苹果
78:17:be,华为
f0:72:ea,谷歌
b8:7b:c5,苹果
20:74:54,vivo
b8:c9:b5,OPPO
90:fd:73,中兴
3c:41:0e,思科
f4:fe:fb,三星
8c:53:c3,小米
70:2f:35,华为
c0:14:b8,诺基亚
4c:e1:76,思科
f0:67:28,OPPO
9c:e1:76,思科
10:29:59,苹果
e4:76:84,苹果
b4:1a:1d,三星
f0:5c:d5,苹果
f8:0d:f0,中兴
9c:e9:1c,中兴
5c:17:cf,一加
a4:fa:76,H3C
70:ea:5a,苹果
4c:63:71,小米
a0:4f:85,LG
6c:16:32,华为
2c:1a:01,华为
34:78:39,中兴
24:16:9d,思科
30:80:9b,H3C
6c:0d:34,诺基亚
b4:40:a4,苹果
48:b8:a3,苹果
f4:db:e3,苹果
d4:5e:ec,小米
88:c3:97,小米
60:68:4e,三星
80:20:fd,三星
b4:ce:40,三星
04:bd:bf,三星
bc:7a:bf,三星
b4:09:31,华为
94:e7:ea,华为
f4:b7:8d,华为
a4:16:e7,华为
8c:83:df,诺基亚
b0:e4:d5,谷歌
ac:4a:56,思科
b0:b5:c3,OPPO
bc:5a:56,思科
68:e2:09,华为
f4:30:8b,小米
04:5f:b9,思科
3c:f6:52,中兴
08:aa:55,联想
54:21:9d,三星
3c:30:6f,华为
80:e1:bf,华为
48:2c:d0,华为
5c:5f:67,Intel英特尔
0c:54:15,Intel英特尔
30:24:32,Intel英特尔
dc:8b:28,Intel英特尔
1c:1b:b5,Intel英特尔
f8:34:41,Intel英特尔
e4:70:b8,Intel英特尔
e8:85:4b,苹果
28:ec:95,苹果
58:fd:b1,LG
e0:2b:96,苹果
a8:46:9d,思科
6c:de:a9,思科
d0:ab:d5,Intel英特尔
68:17:29,Intel英特尔
b8:08:cf,Intel英特尔
dc:71:96,Intel英特尔
50:e0:85,Intel英特尔
98:3b:8f,Intel英特尔
d0:c6:37,Intel英特尔
04:ea:56,Intel英特尔
d4:3b:04,Intel英特尔
38:68:93,Intel英特尔
d8:3b:bf,Intel英特尔
14:f6:d8,Intel英特尔
e0:d4:e8,Intel英特尔
94:e6:f7,Intel英特尔
4c:1d:96,Intel英特尔
70:3a:a6,H3C
04:6c:59,Intel英特尔
90:3f:ea,华为
20:ab:48,华为
cc:d7:3c,华为
94:e7:0b,Intel英特尔
dc:d9:ae,诺基亚
98:b8:bc,三星
18:4e:16,三星
c0:3d:03,三星
44:16:22,微软
74:7a:90,Murata Manufacturing
14:00:7d,中兴
94:ae:f0,思科
1c:08:c1,LG
58:b6:23,小米
a0:22:de,vivo
fc:73:fb,华为
60:b7:6e,谷歌
a8:02:db,中兴
80:16:05,沃达丰
3c:9c:0f,Intel英特尔
e4:d3:73,华为
c0:bc:9a,华为
fc:19:99,小米
b8:80:35,Intel英特尔
6c:e5:f7,H3C
b8:dd:71,中兴
cc:87:4a,诺基亚
00:61:51,华为
bc:76:c5,华为
dc:77:4c,思科
a0:85:fc,微软
10:19:65,H3C
fc:66:cf,苹果
ac:1d:06,苹果
44:a8:fc,苹果
f8:10:93,苹果
e4:33:ae,OPPO
f8:0d:ac,惠普
40:b5:c1,思科
f0:f7:e7,华为
98:f1:81,H3C
08:38:e6,摩托罗拉
f8:b9:5a,LG
d4:4f:67,华为
b4:ff:98,华为
c4:18:e9,三星
1c:e5:7f,三星
b0:c5:3c,思科
ec:ce:13,思科
24:11:45,小米
14:ab:02,华为
24:06:aa,OPPO
90:ff:d6,荣耀
6c:b8:81,中兴
98:9a:b9,中兴
b4:56:e3,苹果
4c:20:b8,苹果
14:88:e6,苹果
bc:0f:9a,D-Link
78:cf:2f,华为
a8:3b:5c,华为
fc:44:82,Intel英特尔
d8:f8:83,Intel英特尔
e8:84:a5,Intel英特尔
e8:f4:08,Intel英特尔
14:3f:a6,索尼
dc:a1:20,诺基亚
50:52:3b,诺基亚
18:18:8b,日本电气
14:5e:69,OPPO
48:4c:29,华为
c4:d4:38,华为
c0:28:0b,荣耀
9c:ea:97,荣耀
c4:e2:87,华为
f4:b3:01,Intel英特尔
a0:a3:f0,D-Link
84:65:69,H3C
f0:25:8e,华为
9c:74:6f,华为
18:ce:94,三星
78:37:16,三星
7c:50:79,Intel英特尔
80:38:fb,Intel英特尔
ac:82:47,Intel英特尔
08:b4:b1,谷歌
9c:fc:28,苹果
b4:85:e1,苹果
0c:19:f8,苹果
50:1f:c6,苹果
cc:69:fa,苹果
10:ce:e9,苹果
54:09:10,苹果
0c:8d:db,思科
10:a4:da,华为
38:20:28,华为
e4:77:27,华为
4c:f2:02,小米
10:51:07,Intel英特尔
cc:03:d9,思科
f4:d6:20,OPPO
98:7a:10,爱立信
54:2b:de,H3C
b8:99:ae,Intel英特尔
b0:08:75,华为
8c:f1:12,联想
84:76:37,华为
fc:94:35,华为
e0:24:81,华为
80:b0:7b,中兴
c8:5a:9f,中兴
44:ae:ab,OPPO
a4:f0:5e,OPPO
1c:68:7e,Intel英特尔
2c:f8:9b,思科
50:d2:f5,小米
20:df:b9,谷歌
28:16:7f,小米
5c:e8:83,华为
10:01:77,华为
44:a1:91,华为
a4:53:0e,思科
f8:87:f1,苹果
30:57:14,苹果
c8:b1:cd,苹果
14:60:cb,苹果
b8:f1:2a,苹果
04:c8:07,小米
44:fb:5a,中兴
44:59:e3,华为
44:d3:ca,思科
f8:e7:a0,vivo
2c:ff:ee,vivo
98:35:ed,华为
08:4f:0a,华为
a8:49:4d,华为
44:00:4d,华为
18:cf:24,华为
d8:9b:3b,华为
88:40:3b,华为
fc:87:43,华为
04:88:5f,华为
c8:50:ce,华为
20:f4:78,小米
90:73:5a,联想
00:fa:21,三星
7c:23:02,三星
d4:9d:c0,三星
44:13:d0,中兴
6c:ab:05,思科
c0:9f:e1,中兴
b0:70:0d,诺基亚
34:6b:5b,H3C
78:e2:bd,沃达丰
20:da:22,华为
e0:b6:55,小米
e0:dc:ff,小米
00:77:8d,思科
00:0e:8c,西门子
00:87:64,思科
c4:68:d0,伟易达
14:ae:db,伟易达
84:6f:ce,OPPO
20:65:8e,华为
18:3d:5e,华为
dc:71:37,中兴
74:40:be,LG
80:4a:14,苹果
70:3c:69,苹果
08:7f:98,vivo
74:88:bb,思科
48:9d:d1,三星
b0:6f:e0,三星
c0:8c:71,联想
00:2f:5c,思科
f4:64:5d,东芝
18:0d:2c,Intel英特尔
08:ec:f5,思科
60:d0:a9,三星
88:ce:fa,华为
f0:7d:68,D-Link
70:c9:c6,思科
c8:28:32,小米
48:fd:a3,小米
00:16:97,日本电气
00:30:13,日本电气
f8:13:08,诺基亚
f8:a2:d6,Liteon光宝
fc:94:ce,中兴
90:86:9b,中兴
74:36:6d,沃达丰
fc:be:7b,vivo
b4:0f:b3,vivo
f8:0f:6f,思科
0c:d0:f8,思科
dc:da:80,H3C
10:81:b4,银河
00:b8:b3,思科
a4:50:46,小米
00:7c:2d,三星
44:07:0b,谷歌
b8:31:b5,微软
e8:93:63,诺基亚
00:d6:fe,思科
14:c2:13,苹果
70:d3:13,华为
9c:1d:36,华为
cc:bb:fe,华为
a4:d9:31,苹果
bc:fe:d9,苹果
80:82:23,苹果
28:31:66,vivo
50:29:f5,OPPO
00:72:04,三星
00:aa:6e,思科
a8:01:6d,爱华
04:40:a9,H3C
e4:34:93,华为
34:29:12,华为
60:4b:aa,乐视
4c:36:4e,松下
bc:a5:8b,三星
80:ce:b9,三星
6c:6c:d3,思科
28:63:36,西门子
14:d1:69,华为
e0:62:67,小米
70:b7:aa,vivo
08:25:25,小米
f4:60:e2,小米
00:13:a3,西门子
98:bb:99,斐讯
50:e0:ef,诺基亚
84:8a:8d,思科
1c:c3:eb,OPPO
28:66:e3,AzureWave海华
60:f1:8a,华为
10:c1:72,华为
7c:1c:4e,LG
8c:14:b4,中兴
5c:96:56,AzureWave海华
ec:8c:9a,华为
b4:86:55,华为
5c:cd:7c,魅族
00:c3:f4,三星
d0:d7:83,华为
78:72:5d,思科
78:36:cc,OPPO
48:60:5f,LG
50:1d:93,华为
28:16:a8,微软
0c:f5:a4,思科
9c:2e:a1,小米
f0:9c:d7,Intel英特尔
bc:e1:43,苹果
64:70:33,苹果
84:68:78,苹果
c8:d0:83,苹果
cc:c0:79,Murata Manufacturing
60:30:d4,苹果
f8:95:ea,苹果
18:f1:d8,苹果
3c:cd:5d,华为
7c:76:68,华为
30:d9:d9,苹果
3c:95:09,Liteon光宝
c4:9f:4c,华为
0c:70:4a,华为
4c:ab:fc,中兴
30:fd:38,谷歌
00:3c:10,思科
0c:f3:46,小米
80:ad:16,小米
04:4e:af,LG
cc:8e:71,思科
70:c9:4e,Liteon光宝
fc:64:3a,三星
a8:51:5b,三星
94:63:72,vivo
b4:fb:f9,华为
50:6f:77,华为
0c:41:e9,华为
3c:e8:24,华为
34:5a:06,夏普
b4:de:31,思科
a4:40:27,中兴
b4:f7:a1,LG
88:bd:45,三星
54:fc:f0,三星
30:6a:85,三星
4c:dd:31,三星
d0:81:7a,苹果
98:ca:33,苹果
68:ab:1e,苹果
70:ef:00,苹果
2c:37:c5,海尔
98:22:ef,Liteon光宝
bc:ff:eb,联想
b8:07:16,vivo
e4:f0:42,谷歌
0c:15:39,苹果
f8:7b:20,思科
60:9b:c8,Intel英特尔
88:b4:a6,联想
2c:8a:72,HTC
38:ad:8e,H3C
d8:8f:76,苹果
40:9c:28,苹果
e8:d8:19,AzureWave海华
d0:b1:28,三星
bc:54:51,三星
74:86:0b,思科
ec:51:bc,OPPO
f0:79:e8,OPPO
94:0e:6b,华为
74:ea:c8,H3C
10:4b:46,三菱
cc:66:b2,诺基亚
78:ca:04,诺基亚
18:14:56,诺基亚
00:17:c8,京瓷
38:e2:dd,中兴
88:5d:fb,中兴
58:e2:8f,苹果
78:7b:8a,苹果
00:21:a1,思科
5c:54:6d,华为
78:bc:1a,思科
88:36:5f,LG
28:8c:b8,中兴
2c:40:53,三星
0c:8f:ff,华为
54:b1:21,华为
10:1b:54,华为
a8:0c:63,华为
5c:c3:07,华为
3c:f5:91,OPPO
60:21:01,OPPO
28:7b:09,中兴
ac:af:b9,三星
88:b1:11,Intel英特尔
d4:25:8b,Intel英特尔
04:1b:6d,LG
ec:f3:42,OPPO
f8:94:c2,Intel英特尔
70:d3:79,思科
00:f8:2c,思科
00:c1:b1,思科
d8:c8:e9,斐讯
30:d3:86,中兴
70:db:98,思科
b0:35:9f,Intel英特尔
f8:0b:cb,思科
70:d9:23,vivo
28:b4:48,华为
2c:fa:a2,阿尔卡特
50:3d:a1,三星
4c:1a:3d,OPPO
e8:e7:32,阿尔卡特
f4:70:ab,vivo
2c:5a:0f,思科
2c:31:24,思科
50:32:37,苹果
b0:48:1a,苹果
b4:9c:df,苹果
48:bf:6b,苹果
3c:05:18,三星
90:06:28,三星
9c:84:bf,苹果
34:6e:9d,爱立信
bc:3f:8f,华为
14:30:04,华为
14:ab:c5,Intel英特尔
50:04:b8,华为
00:b3:62,苹果
e4:e4:ab,苹果
60:33:4b,苹果
f4:8c:50,Intel英特尔
bc:a8:a6,Intel英特尔
68:1a:b2,中兴
64:db:43,摩托罗拉
18:06:75,Intel英特尔
44:c3:46,华为
30:74:96,华为
70:8a:09,华为
00:38:df,思科
f4:f5:24,联想
00:a2:ee,思科
00:59:dc,思科
cc:2d:83,OPPO
fc:d8:48,苹果
ec:10:7b,三星
1c:23:2c,三星
94:95:a0,谷歌
00:a6:ca,思科
f0:2f:a7,华为
18:de:d7,华为
00:87:31,思科
00:21:d1,三星
00:1f:cc,三星
ec:88:92,联想
00:4a:77,中兴
60:a1:0a,三星
8c:71:f8,三星
cc:05:1b,三星
8c:77:12,三星
94:63:d1,三星
00:21:d2,三星
5c:49:7d,三星
78:25:ad,三星
ec:e0:9b,三星
bc:20:a4,三星
08:d4:2b,三星
78:9e:d0,三星
b0:c4:e7,三星
a0:07:98,三星
00:1f:cd,三星
38:ec:e4,三星
94:51:03,三星
00:24:90,三星
00:23:d7,三星
54:9b:12,三星
fc:a1:3e,三星
24:c6:96,三星
94:d7:71,三星
e8:4e:84,三星
00:16:32,三星
e4:e0:c5,三星
c8:14:79,三星
1c:af:05,三星
00:16:db,三星
00:1e:e2,三星
20:d5:bf,三星
5c:e8:eb,三星
7c:11:cb,华为
b0:df:3a,三星
80:57:19,三星
34:be:00,三星
78:52:1a,三星
04:9f:ca,华为
50:01:6b,华为
38:25:6b,微软
20:5e:f7,三星
14:1f:78,三星
00:23:47,惠普
00:24:a8,惠普
c0:91:34,惠普
74:b5:7e,中兴
a8:ad:3d,阿尔卡特
24:af:4a,阿尔卡特
7c:20:64,阿尔卡特
48:f8:e1,诺基亚
8c:90:d3,诺基亚
00:28:f8,Intel英特尔
b4:74:43,三星
18:68:6a,中兴
30:76:6f,LG
a8:92:2c,LG
f8:0c:f3,LG
c4:9a:02,LG
00:1f:6b,LG
00:26:e2,LG
00:08:0d,东芝
00:0e:7b,东芝
00:a0:c6,高通
64:9c:81,高通
a4:71:74,华为
f4:cb:52,华为
b8:08:d7,华为
3c:07:71,索尼
80:41:4e,步步高
c4:64:13,思科
e8:e0:b7,东芝
68:07:15,Intel英特尔
3c:b6:b7,vivo
58:52:8a,三菱
38:bc:1a,魅族
34:0a:ff,海信
58:7e:61,海信
08:d0:b7,海信
ec:d6:8a,Intel英特尔
00:9e:1e,思科
04:56:04,金立
00:fe:c8,思科
10:be:f5,D-Link
34:a2:a2,华为
74:9d:8f,华为
a8:60:b6,苹果
c4:b3:01,苹果
e0:5f:45,苹果
38:22:d6,H3C
48:51:b7,Intel英特尔
c8:64:c7,中兴
48:3b:38,苹果
1c:91:48,苹果
f8:23:b2,华为
e0:a3:ac,华为
bc:75:74,华为
20:a6:80,华为
88:28:b3,华为
00:6c:bc,思科
5c:70:a3,LG
74:97:81,中兴
b4:b1:5a,西门子
bc:15:ac,沃达丰
00:19:54,乐视
00:8a:96,思科
bc:60:a7,索尼
dc:ee:06,华为
e4:a4:71,Intel英特尔
10:f0:05,Intel英特尔
64:cc:2e,小米
14:d1:1f,华为
dc:09:4c,华为
1c:67:58,华为
24:bc:f8,华为
f8:77:b8,三星
a8:e3:ee,索尼
00:24:8d,索尼
00:04:1f,索尼
98:0c:a5,摩托罗拉
18:21:95,三星
44:78:3e,三星
50:da:00,H3C
30:63:6b,苹果
a4:f1:e8,苹果
d0:99:d5,阿尔卡特
f4:f5:a5,诺基亚
ec:9b:5b,诺基亚
2c:cc:15,诺基亚
14:bb:6e,三星
18:86:ac,诺基亚
00:1f:5c,诺基亚
00:1f:00,诺基亚
00:25:47,诺基亚
00:18:c5,诺基亚
00:16:4e,诺基亚
00:26:68,诺基亚
00:24:7d,诺基亚
00:22:65,诺基亚
e4:98:d1,微软
6c:27:79,微软
28:cc:01,三星
74:4a:a4,中兴
6c:f3:73,三星
9c:3a:af,三星
78:1f:db,三星
4c:a5:6d,三星
b8:6c:e8,三星
0c:b3:19,三星
18:3f:47,三星
b4:62:93,三星
50:a4:c8,三星
18:67:b0,三星
6c:83:36,三星
00:25:57,黑莓
00:1c:cc,黑莓
00:30:0a,中兴
ac:e0:10,Liteon光宝
00:1e:45,索尼
00:1c:a4,索尼
00:1a:75,索尼
78:84:3c,索尼
00:13:a9,索尼
00:0a:d9,索尼
00:0e:07,索尼
94:ce:2c,索尼
fc:0f:e6,索尼
74:de:2b,Liteon光宝
00:22:5f,Liteon光宝
5c:93:a2,Liteon光宝
24:fd:52,Liteon光宝
2c:d0:5a,Liteon光宝
74:e5:43,Liteon光宝
00:23:f1,索尼
48:5d:60,AzureWave海华
dc:85:de,AzureWave海华
b0:ee:45,AzureWave海华
54:27:1e,AzureWave海华
28:c2:dd,AzureWave海华
80:a5:89,AzureWave海华
00:1c:50,王牌
00:aa:02,Intel英特尔
74:c6:3b,AzureWave海华
7c:7a:91,Intel英特尔
ac:7b:a1,Intel英特尔
6c:29:95,Intel英特尔
98:4f:ee,Intel英特尔
e8:2a:ea,Intel英特尔
60:57:18,Intel英特尔
c4:d9:87,Intel英特尔
fc:f8:ae,Intel英特尔
60:36:dd,Intel英特尔
10:0b:a9,Intel英特尔
8c:70:5a,Intel英特尔
60:67:20,Intel英特尔
7c:5c:f8,Intel英特尔
b4:e1:c4,微软
e0:75:7d,联想
34:bb:26,联想
80:6c:1b,联想
00:16:eb,Intel英特尔
00:18:de,Intel英特尔
5c:e0:c5,Intel英特尔
58:a8:39,Intel英特尔
00:1e:67,Intel英特尔
00:22:fa,Intel英特尔
00:15:00,Intel英特尔
a0:88:b4,Intel英特尔
64:80:99,Intel英特尔
d0:7e:35,Intel英特尔
00:1e:65,Intel英特尔
34:84:46,爱立信
04:4e:06,爱立信
00:27:0e,Intel英特尔
3c:a3:48,vivo
e4:5a:a2,vivo
cc:3b:3e,乐视
20:82:c0,小米
dc:6d:cd,OPPO
c4:28:2d,Intel英特尔
00:15:e9,D-Link
00:1b:11,D-Link
00:26:5a,D-Link
c8:be:19,D-Link
a4:ba:76,华为
44:00:10,苹果
00:56:cd,苹果
00:cd:fe,苹果
00:1a:11,谷歌
48:db:50,华为
9c:ef:d5,熊猫
2c:6e:85,Intel英特尔
e4:98:d6,苹果
48:45:20,Intel英特尔
c8:0e:77,乐视
90:49:fa,Intel英特尔
bc:0f:64,Intel英特尔
00:02:b3,Intel英特尔
00:03:47,Intel英特尔
00:0e:0c,Intel英特尔
e4:fa:fd,Intel英特尔
94:65:9c,Intel英特尔
00:13:20,Intel英特尔
f8:db:7f,HTC
64:a7:69,HTC
e8:99:c4,HTC
bc:cf:cc,HTC
60:18:88,中兴
f4:31:c3,苹果
64:a5:c3,苹果
bc:3a:ea,OPPO
60:21:c0,Murata Manufacturing
88:30:8a,Murata Manufacturing
5c:da:d4,Murata Manufacturing
00:26:e8,Murata Manufacturing
00:25:12,中兴
34:4b:50,中兴
fc:c8:97,中兴
00:18:82,华为
20:f3:a3,华为
0c:37:dc,华为
bc:76:70,华为
24:db:ac,华为
1c:1d:67,华为
24:69:a5,华为
ec:23:3d,华为
78:f5:fd,华为
5c:7d:5e,华为
90:67:1c,华为
bc:25:e0,华为
f4:e3:fb,华为
d0:2d:b3,华为
e8:cd:2d,华为
84:a8:e4,华为
0c:96:bf,华为
60:e7:01,华为
e8:08:8b,华为
64:3e:8c,华为
7c:60:97,华为
cc:53:b5,华为
60:de:44,华为
10:51:72,华为
08:e8:4f,华为
88:86:03,华为
04:f9:38,华为
ac:85:3d,华为
48:46:fb,华为
e0:24:7f,华为
00:46:4b,华为
80:fb:06,华为
70:e4:22,思科
00:50:0f,思科
7c:1d:d9,小米
a0:86:c6,小米
9c:99:a0,小米
58:44:98,小米
00:e0:b0,思科
00:e0:fe,思科
00:e0:34,思科
00:e0:f9,思科
c8:d7:19,思科
00:10:79,思科
00:10:29,思科
00:0e:08,思科
44:03:a7,思科
b0:fa:eb,思科
7c:ad:74,思科
00:60:3e,思科
00:60:2f,思科
00:60:47,思科
00:50:a2,思科
00:02:3d,思科
20:3a:07,思科
00:50:2a,思科
bc:16:f5,思科
fc:5b:39,思科
34:6f:90,思科
5c:fc:66,思科
d4:6d:50,思科
74:a0:2f,思科
88:90:8d,思科
f0:78:16,思科
00:22:3a,思科
00:21:be,思科
f4:cf:e2,思科
a8:0c:0d,思科
c0:7b:bc,思科
24:e9:b3,思科
c0:8c:60,思科
e8:ed:f3,思科
e4:c7:22,思科
64:e9:50,思科
f4:1f:c2,思科
44:ad:d9,思科
0c:68:03,思科
1c:de:a7,思科
f0:7f:06,思科
88:f0:31,思科
00:0c:41,思科
00:16:b6,思科
00:18:f8,思科
00:25:2e,思科
54:d4:6f,思科
a4:a2:4a,思科
44:e0:8e,思科
00:e0:36,先锋
00:e0:4f,思科
00:10:ff,思科
00:10:54,思科
00:10:f6,思科
00:10:a6,思科
bc:c8:10,思科
7c:b2:1b,思科
24:76:7d,思科
48:1d:70,思科
f0:b2:e5,思科
00:23:32,苹果
00:23:6c,苹果
00:23:df,苹果
00:25:00,苹果
00:25:bc,苹果
58:97:bd,思科
5c:83:8f,思科
ec:bd:1d,思科
00:19:e3,苹果
00:1b:63,苹果
00:1e:c2,苹果
00:1f:f3,苹果
00:10:fa,苹果
00:50:e4,苹果
00:0d:93,苹果
7c:fa:df,苹果
78:a3:e4,苹果
14:8f:c6,苹果
28:6a:b8,苹果
28:e0:2c,苹果
e0:b9:ba,苹果
00:c6:10,苹果
b8:f6:b1,苹果
8c:fa:ba,苹果
7c:d1:c3,苹果
f0:dc:e2,苹果
24:ab:81,苹果
e0:f8:47,苹果
28:e7:cf,苹果
e4:ce:8f,苹果
a8:20:66,苹果
bc:52:b7,苹果
5c:59:48,苹果
c8:bc:c8,苹果
e8:04:0b,苹果
14:5a:05,苹果
1c:ab:a7,苹果
c0:84:7a,苹果
34:15:9e,苹果
58:b0:35,苹果
dc:86:d8,苹果
90:b9:31,苹果
d0:e1:40,苹果
24:a2:e1,苹果
80:ea:96,苹果
60:03:08,苹果
04:f1:3e,苹果
98:f0:ab,苹果
78:31:c1,苹果
78:3a:84,苹果
5c:8d:4e,苹果
88:63:df,苹果
88:1f:a1,苹果
c8:e0:eb,苹果
98:b8:e3,苹果
88:53:95,苹果
78:6c:1c,苹果
4c:8d:79,苹果
1c:e6:2b,苹果
0c:30:21,苹果
0c:3e:9f,苹果
fc:fc:48,苹果
9c:29:3f,苹果
80:a1:ab,Intel英特尔
08:74:02,苹果
94:f6:a3,苹果
98:e0:d9,苹果
cc:29:f5,苹果
28:5a:eb,苹果
f0:24:75,苹果
2c:1f:23,苹果
54:9f:13,苹果
f0:db:e2,苹果
74:81:14,苹果
18:f6:43,苹果
a4:5e:60,苹果
a0:18:28,苹果
d0:03:4b,苹果
10:41:7f,苹果
a8:66:7f,苹果
d0:25:98,苹果
80:be:05,苹果
24:a0:74,苹果
84:78:8b,苹果
58:7f:57,苹果
d0:7c:2d,乐视
34:69:87,中兴
98:f4:28,中兴
00:6d:52,苹果
a0:32:99,联想
ac:ee:9e,三星
b8:57:d8,三星
38:5f:66,思科
b8:44:d9,苹果
ac:60:b6,爱立信
68:89:c1,华为
2c:cf:58,华为
14:3e:bf,中兴
f4:67:2d,托普
88:cb:a5,Intel英特尔
7c:a2:3e,华为
1c:56:fe,联想
88:a2:d7,华为
ac:5a:14,三星
08:ec:a9,三星
9c:37:f4,华为
3c:47:11,华为
88:73:84,东芝
c4:3a:be,索尼
f8:cf:c5,联想
78:40:e4,三星
e0:99:71,三星
10:d3:8a,三星
20:62:74,微软
84:73:03,乐视
8c:87:3b,乐视
34:f6:d2,松下
30:75:12,索尼
d4:8f:33,微软
20:a9:9b,微软
a4:12:42,日本电气
60:77:e2,三星
fc:19:10,三星
98:f1:70,Murata Manufacturing
3c:a1:0d,三星
64:6c:b2,三星
68:05:71,三星
14:b4:84,三星
30:59:b7,微软
a4:3d:78,OPPO
bc:8d:0e,诺基亚
78:92:3e,诺基亚
a4:81:ee,诺基亚
44:1e:91,Intel英特尔
6c:14:f7,乐视
48:ee:07,Palm
a8:a6:68,中兴
00:ee:bd,HTC
20:89:86,中兴
b8:98:f7,金立
18:20:12,中兴
98:ff:d0,联想
b8:7a:c9,西门子
a4:77:60,诺基亚
9c:a9:e4,中兴
e4:77:23,中兴
b4:52:7e,索尼
dc:3e:f8,诺基亚
50:2e:5c,HTC
40:7a:80,诺基亚
14:60:80,中兴
c0:a0:bb,D-Link
d0:95:c7,泛泰
50:3c:c4,联想
d8:fe:e3,D-Link
f0:7f:0c,乐视
98:0d:2e,HTC
84:62:23,同洲
2c:26:c5,中兴
c8:3d:97,诺基亚
b0:35:8d,诺基亚
78:9f:87,西门子
d8:af:f1,松下
4c:09:b4,中兴
d4:8c:b5,思科
14:9f:e8,联想
3c:36:3d,诺基亚
a0:6d:09,Intel英特尔
8c:60:4f,思科
5c:50:15,思科
50:2d:1d,诺基亚
f4:8e:09,诺基亚
d8:24:bd,思科
90:3a:a0,诺基亚
d4:d7:48,思科
14:36:05,诺基亚
08:d0:9f,思科
2c:3f:38,思科
70:ca:9b,思科
a0:78:ba,泛泰
68:bc:0c,思科
00:08:30,思科
d4:20:6d,HTC
7c:1e:52,微软
dc:b4:c4,微软
b8:b4:2e,金立
90:67:f3,阿尔卡特
04:46:65,Murata Manufacturing
e8:b7:48,思科
a8:e0:18,诺基亚
18:ae:bb,西门子
ac:93:2f,诺基亚
b0:89:91,LG
48:df:1c,日本电气
bc:20:ba,浪潮
2c:30:68,泛泰
e0:a6:70,诺基亚
20:a2:e7,乐视
e8:04:62,思科
10:0e:2b,日本电气
18:42:2f,阿尔卡特
9c:4e:20,思科
d8:75:33,诺基亚
54:75:d0,思科
3c:f7:2a,诺基亚
54:7f:ee,思科
18:17:14,大宇
04:fe:7f,思科
ec:44:76,思科
80:38:fd,乐视
68:1f:d8,西门子
00:26:ec,乐视
00:26:8c,乐视
00:26:98,思科
00:25:b4,思科
00:25:84,思科
00:24:34,乐视
00:24:5a,熊猫
00:23:eb,思科
00:23:9e,乐视
00:23:69,思科
00:22:de,OPPO
00:22:55,思科
00:22:6b,思科
00:21:f7,惠普
00:22:45,乐视
00:1f:f8,西门子
00:1f:c9,思科
00:1f:6d,思科
00:1e:d9,三菱
00:1e:cf,飞利浦
00:1e:14,思科
00:1e:7a,思科
00:1d:e5,思科
00:1d:fe,Palm
00:1d:a1,思科
00:1d:71,思科
00:1d:45,思科
00:1c:f6,思科
00:1c:ee,夏普
00:1c:83,乐视
00:1c:0f,思科
00:1b:b2,Intel英特尔
00:1b:d5,思科
00:1b:90,思科
00:1a:e3,思科
00:1a:ee,中兴
00:1b:0d,思科
00:1b:0a,Intel英特尔
00:1a:a2,思科
00:1a:37,乐视
00:19:8f,诺基亚
00:19:00,Intel英特尔
00:18:65,西门子
00:18:1f,Palm
00:17:cc,阿尔卡特
00:16:b0,威科
00:16:47,思科
00:16:9c,思科
00:15:f9,思科
00:15:e0,爱立信
00:15:d3,泛泰
00:14:a9,思科
00:14:4d,Intel英特尔
00:14:1b,思科
00:14:0f,乐视
00:13:c3,思科
00:12:da,思科
00:12:67,松下
00:12:57,乐视
00:11:76,Intel英特尔
00:11:5c,思科
00:11:5d,思科
00:11:21,思科
00:0f:f7,思科
00:0f:90,思科
00:0e:38,思科
00:0d:29,思科
00:0d:41,西门子
00:0d:65,思科
00:0d:45,三洋
00:0c:cf,思科
00:0c:ce,思科
00:0b:fc,思科
00:0b:45,思科
00:0a:f3,思科
00:0a:76,波导
00:0a:56,日立
00:09:47,中兴
00:08:a4,思科
00:07:eb,思科
00:07:ec,思科
00:08:1a,Intel英特尔
00:07:3e,伟松
00:06:d6,思科
00:06:cd,乐视
00:06:1b,联想
00:06:52,思科
00:05:9a,思科
00:05:ad,托普
00:05:86,朗讯
00:05:01,思科
00:04:dd,思科
00:04:c0,思科
00:04:3a,Intel英特尔
00:04:6e,思科
00:04:0f,华硕
00:03:e3,思科
00:02:fc,思科
00:03:24,三洋
00:02:47,东方龙
00:02:09,桑达
00:01:07,乐视
00:b0:8e,思科
00:30:78,思科
00:30:05,西门子
00:30:b6,思科
00:d0:ff,思科
00:50:6f,日本电气
00:50:10,乐视
00:50:40,松下
00:90:3e,飞利浦
00:90:53,大宇
00:90:20,飞利浦
00:10:2d,日立
00:20:c6,日本电气
00:80:88,胜利
00:80:e7,乐视
10:b3:c6,思科
10:b3:d6,思科
78:17:35,诺基亚
74:9e:f5,三星
68:bf:c4,三星
04:b1:a1,三星
cc:46:4e,三星
a0:df:15,华为
5c:e5:0c,小米
e8:5a:8b,小米
5c:71:0d,思科
c8:f3:19,LG
78:b4:6a,华为
6c:eb:b6,华为
4c:f5:5b,华为
a4:4b:d5,小米
64:95:6c,LG
14:87:6a,苹果
e0:b5:5f,苹果
f8:ff:c2,苹果
e0:eb:40,苹果
18:e7:77,vivo
40:77:a9,H3C
a4:b2:39,思科
dc:21:e2,华为
fc:1b:d1,华为
58:25:75,华为
28:de:e5,华为
88:54:1f,谷歌
90:0c:c8,谷歌
04:1d:c7,中兴
3c:28:a6,阿尔卡特
50:50:a4,三星
80:86:d9,三星
3c:bf:60,苹果
ac:15:f4,苹果
38:6a:77,三星
14:14:59,沃达丰
5c:27:d4,Intel英特尔
88:a4:79,苹果
04:72:95,苹果
d4:46:e1,苹果
78:d1:62,苹果
08:f8:bc,苹果
90:a2:5b,苹果
18:30:0c,海信
f8:1f:32,联想
b0:0a:d5,中兴
2c:57:41,思科
98:00:6a,中兴
5c:c1:d7,三星
f4:a4:d6,华为
10:05:e1,诺基亚
6c:d9:4c,vivo
7c:ab:60,苹果
44:c6:5d,苹果
18:7e:b9,苹果
4c:a6:4d,思科
cc:7f:75,思科
20:e8:74,苹果
d0:3f:aa,苹果
5c:a6:2d,思科
bc:16:95,中兴
34:51:80,王牌
ac:3a:67,思科
90:5d:7c,H3C
b8:e3:b1,华为
ac:4a:67,思科
00:09:91,Intel英特尔
78:57:73,华为
ac:60:89,华为
84:3e:92,华为
70:8c:b6,华为
50:46:4a,华为
c4:a4:02,华为
70:61:7b,思科
64:e1:72,Intel英特尔
18:48:ca,Murata Manufacturing
90:ee:c7,三星
10:29:ab,三星
18:4e:cb,三星
80:22:a7,日本电气
a0:27:b6,三星
10:39:17,三星
98:80:ee,三星
cc:0d:f2,联想
c8:5b:a0,Intel英特尔
a4:88:73,思科
fc:a5:d0,OPPO
a4:bd:c4,华为
5c:91:57,华为
48:16:93,乐视
74:70:fd,Intel英特尔
7c:2a:31,Intel英特尔
b4:6b:fc,Intel英特尔
14:4f:8a,Intel英特尔
c0:b6:f9,Intel英特尔
48:a4:72,Intel英特尔
d8:f2:ca,Intel英特尔
48:f1:7f,Intel英特尔
68:ec:c5,Intel英特尔
7c:76:35,Intel英特尔
64:0b:d7,苹果
a8:91:3d,苹果
4c:c9:5e,三星
0c:3b:50,苹果
78:2b:46,Intel英特尔
34:7d:f6,Intel英特尔
cc:d9:ac,Intel英特尔
9c:29:76,Intel英特尔
b8:9a:2a,Intel英特尔
58:96:1d,Intel英特尔
74:d8:3e,Intel英特尔
08:d2:3e,Intel英特尔
a8:7e:ea,Intel英特尔
40:ec:99,Intel英特尔
bc:54:2f,Intel英特尔
34:cf:f6,Intel英特尔
c8:7e:a1,王牌
64:2c:0f,vivo
a0:51:0b,Intel英特尔
dc:fb:48,Intel英特尔
84:fd:d1,Intel英特尔
40:74:e0,Intel英特尔
08:71:90,Intel英特尔
5c:cd:5b,Intel英特尔
98:af:65,Intel英特尔
40:a6:b7,Intel英特尔
0c:7a:15,Intel英特尔
54:8d:5a,Intel英特尔
ac:5f:ea,一加
c0:ff:a8,华为
00:be:d5,H3C
ac:f1:08,LG
e8:6d:cb,三星
00:05:c9,LG
a0:cf:f5,中兴
7c:fd:6b,小米
e4:1f:7b,思科
18:26:49,Intel英特尔
88:03:e9,OPPO
34:58:40,华为
5c:64:7a,华为
dc:ef:80,华为
b4:60:ed,小米
30:cc:21,中兴
8c:94:1f,思科
68:7d:b4,思科
dc:41:a9,Intel英特尔
44:af:28,Intel英特尔
9c:9d:7e,小米
6c:44:2a,华为
a4:7c:c9,华为
c4:0d:96,华为
84:2a:fd,惠普
d4:d5:1b,华为
24:91:bb,华为
64:5e:10,华为
c8:e6:00,华为
b0:44:14,H3C
70:74:14,Murata Manufacturing
18:87:40,小米
34:1c:f0,小米
44:59:43,中兴
34:36:54,中兴
74:8f:3c,苹果
40:f9:46,苹果
30:af:ce,vivo
80:8f:e8,Intel英特尔
94:b2:71,华为
14:13:33,AzureWave海华
a4:17:8b,华为
5c:34:00,海信
4c:3b:df,微软
3c:d2:e5,H3C
d0:59:19,中兴
98:3f:60,华为
c0:3f:dd,华为
30:32:35,Intel英特尔
9c:73:70,华为
58:24:29,谷歌
7c:c2:94,小米
5c:10:c5,三星
e8:eb:34,思科
dc:8c:1b,vivo
f8:53:29,华为
b4:1b:b0,苹果
58:d3:49,苹果
f4:34:f0,苹果
b0:8c:75,苹果
9c:28:b3,苹果
a0:78:17,苹果
5c:87:30,苹果
e0:1f:ed,诺基亚
14:6b:9a,中兴
78:32:1b,D-Link
c0:f6:ec,华为
cc:20:8c,华为
38:90:52,华为
fc:b3:bc,Intel英特尔
18:cc:18,Intel英特尔
c0:3c:59,Intel英特尔
84:1b:77,Intel英特尔
34:c9:3d,Intel英特尔
c0:41:21,诺基亚
0c:7c:28,诺基亚
20:78:52,诺基亚
54:fa:96,诺基亚
08:9a:c7,中兴
74:4c:a1,Liteon光宝
b4:b2:91,LG
c0:e0:18,华为
5c:e7:47,华为
a8:ff:ba,华为
a4:42:3b,Intel英特尔
70:cf:49,Intel英特尔
48:51:c5,Intel英特尔
ec:7c:b6,三星
58:a6:39,三星
6c:03:09,思科
bc:d2:95,思科
74:50:4e,H3C
f0:39:65,三星
e8:d7:65,华为
e4:5e:1b,谷歌
8c:ec:7b,苹果
40:8c:1f,OPPO
14:d1:9e,苹果
40:c7:11,苹果
5c:70:17,苹果
2c:3f:0b,思科
e4:fd:45,Intel英特尔
28:c8:7c,中兴
14:50:51,夏普
c4:d0:e3,Intel英特尔
10:b3:d5,思科
dc:df:d6,中兴
ac:a8:8e,夏普
50:a1:32,Intel英特尔
ac:b3:b5,华为
08:31:8b,华为
60:ab:14,LG
00:0c:86,思科
fc:58:9a,思科
f0:5c:77,谷歌
6c:d7:1f,OPPO
3c:9d:56,华为
70:fd:45,华为
44:67:47,华为
50:7a:c5,苹果
4c:6b:e8,苹果
8c:86:1e,苹果
54:2b:8d,苹果
44:23:7c,小米
c0:64:e4,思科
30:94:35,vivo
38:18:4c,索尼
14:0f:42,诺基亚
c4:ac:59,Murata Manufacturing
e4:19:c1,华为
e4:fd:a1,华为
fc:bc:d1,华为
74:60:fa,华为
8c:fd:18,华为
14:a2:a0,思科
8c:e5:c0,三星
f0:8a:76,三星
ec:aa:25,三星
68:7d:6b,三星
48:51:69,三星
c4:06:83,华为
94:d0:0d,华为
1c:20:db,华为
d0:c6:5b,华为
90:78:b2,小米
bc:7f:a4,小米
6c:8a:ec,同洲
08:3a:2f,Intel英特尔
48:87:64,vivo
5c:1c:b9,vivo
c0:fd:84,中兴
dc:8c:37,思科
e8:d0:fc,Liteon光宝
e8:e8:b7,Murata Manufacturing
24:da:33,华为
fc:ab:90,华为
a4:97:5c,伟易达
1c:27:04,中兴
50:78:b3,中兴
e0:cc:7a,华为
60:ab:67,小米
f4:79:60,华为
00:fd:22,思科
44:18:fd,苹果
00:5b:94,苹果
e0:89:7e,苹果
2c:01:b5,思科
d4:e8:80,思科
a8:34:6a,三星
3c:20:f6,三星
7c:38:ad,三星
50:f7:22,思科
04:d7:a5,H3C
98:09:cf,一加
88:5a:06,OPPO
00:1a:3f,Intel英特尔
20:b7:80,东芝
7c:1e:06,H3C
84:1c:70,中兴
d4:c9:3c,思科
2c:5d:34,OPPO
70:18:a7,思科
7c:03:5e,小米
00:16:9d,思科
4c:e5:ae,Intel英特尔
d4:67:d3,OPPO
a4:12:32,OPPO
00:00:4c,日本电气
64:c7:53,苹果
1c:f2:9a,谷歌
38:f9:d3,苹果
fc:18:3c,苹果
44:55:b1,华为
70:0b:4f,思科
2c:cc:44,索尼
f4:7d:ef,三星
7c:8b:b5,三星
38:30:f9,LG
f4:db:e6,思科
00:f4:8d,Liteon光宝
70:19:2f,华为
04:eb:40,思科
18:a7:f1,海尔
90:e1:7b,苹果
d8:1c:79,苹果
58:e6:ba,苹果
00:a5:bf,思科
18:01:f1,小米
9c:0c:df,OPPO
24:21:24,诺基亚
14:c6:97,OPPO
7c:03:ab,小米
dc:16:b2,华为
24:fb:65,华为
0c:b5:27,华为
d0:7f:a0,三星
00:b5:d0,三星
14:96:e5,三星
20:e8:82,中兴
f0:9f:fc,夏普
0c:b5:de,阿尔卡特
24:05:88,谷歌
30:38:55,诺基亚
00:b6:70,思科
ac:64:17,西门子
34:79:16,华为
88:3f:99,西门子
d0:16:b4,华为
8c:b0:e9,三星
40:a1:08,摩托罗拉
00:9d:6b,Murata Manufacturing
38:8b:59,谷歌
84:a2:4d,波导
7c:6b:9c,OPPO
d0:ef:c1,华为
48:57:02,华为
dc:ef:ca,Murata Manufacturing
00:bc:60,思科
9c:71:3a,华为
2c:97:b1,华为
50:61:bf,思科
10:8e:e0,三星
fc:a6:21,三星
70:0f:6a,思科
d0:c5:d3,AzureWave海华
f8:c3:9e,华为
7c:41:a2,诺基亚
50:5b:c2,Liteon光宝
d8:32:e3,小米
94:87:e0,小米
c8:86:29,Intel英特尔
44:66:fc,OPPO
00:07:a8,海尔
14:09:dc,华为
60:de:f3,华为
50:a0:09,小米
9c:e6:5e,苹果
c4:98:80,苹果
e0:33:8e,苹果
08:f6:9c,苹果
04:fa:83,海尔
50:a6:7f,苹果
d4:61:da,苹果
f0:18:98,苹果
88:19:08,苹果
5c:09:47,苹果
14:20:5e,苹果
b8:41:a4,苹果
64:1c:ae,三星
40:cd:7a,海信
ec:65:cc,松下
00:3d:e8,LG
34:d7:12,锤子
44:ff:ba,中兴
38:78:62,索尼
ec:89:14,华为
b8:94:36,华为
8c:f7:73,诺基亚
64:1c:b0,三星
58:d7:59,华为
28:02:d8,三星
80:41:26,华为
ac:f9:70,华为
7c:39:53,中兴
38:e1:aa,中兴
48:c7:96,三星
f4:c2:48,三星
f4:71:90,三星
b4:de:df,中兴
d4:90:9c,苹果
e4:e0:a6,苹果
20:e0:9c,诺基亚
54:b8:02,三星
70:47:e9,vivo
88:d0:39,王牌
50:3c:ea,OPPO
00:e0:91,LG
6c:dd:30,思科
30:e4:8e,沃达丰
44:91:60,Murata Manufacturing
b4:f1:da,LG
c8:63:f1,索尼
00:1d:0d,索尼
f8:b7:e2,思科
b0:c1:9e,中兴
0c:37:47,中兴
80:b0:3d,苹果
e4:9a:dc,苹果
ac:e4:b5,苹果
d0:d2:b0,苹果
f0:6d:78,OPPO
a8:d3:c8,托普
80:c7:55,松下
70:70:8b,思科
44:8f:17,三星
18:13:2d,中兴
74:d2:1d,华为
38:90:a5,思科
1c:70:22,Murata Manufacturing
cc:98:91,思科
00:22:94,京瓷
8c:45:00,Murata Manufacturing
1c:dd:ea,OPPO
8c:85:90,苹果
00:d0:60,松下
6c:96:cf,苹果
90:ad:f7,vivo
40:ce:24,思科
34:32:e6,松下
40:01:7a,思科
78:88:6d,苹果
20:ee:28,苹果
b4:f6:1c,苹果
08:f4:ab,苹果
60:2e:20,华为
e4:72:e2,华为
50:8f:4c,小米
04:4f:4c,华为
1c:15:1f,华为
d4:63:c6,联想
c4:44:a0,思科
dc:44:b6,三星
10:07:b6,三星
34:2d:0d,三星
70:78:8b,vivo
48:59:a4,中兴
54:bd:79,三星
74:d0:dc,爱立信
b4:e6:2a,LG
60:da:83,H3C
a0:23:9f,思科
70:f3:5a,思科
a0:af:bd,Intel英特尔
00:9a:d2,思科
94:7b:e7,三星
50:92:b9,三星
dc:74:a8,三星
00:18:0a,思科
88:d5:0c,OPPO
ec:8a:4c,中兴
2c:ab:eb,思科
c4:ae:12,三星
d4:dc:cd,苹果
48:4b:aa,苹果
dc:a9:04,苹果
6c:ab:31,苹果
4c:74:bf,苹果
98:9e:63,苹果
88:6b:6e,苹果
f4:e4:ad,中兴
28:ff:3e,中兴
b8:d7:af,Murata Manufacturing
d4:ae:05,三星
2c:33:11,思科
50:82:d5,苹果
f0:ee:10,三星
3c:a0:67,Liteon光宝
f8:59:71,Intel英特尔
10:05:ca,思科
dc:c6:4b,华为
04:33:89,华为
00:a0:68,惠普
70:3a:cb,谷歌
b8:1d:aa,LG
2c:55:d3,华为
7c:46:85,摩托罗拉
44:03:2c,Intel英特尔
08:cc:a7,思科
08:96:ad,思科
08:23:b2,vivo
68:9f:f0,中兴
5c:af:06,LG
c8:14:51,华为
28:6f:7f,思科
f0:c8:50,华为
28:52:61,思科
2c:d0:2d,思科
f8:98:3a,乐视
64:b0:a6,苹果
7c:04:d0,苹果
84:fc:ac,苹果
dc:0c:5c,苹果
70:70:0d,苹果
18:65:90,苹果
f8:62:14,苹果
78:4f:43,苹果
40:4d:7f,苹果
64:13:6c,中兴
98:f1:99,日本电气
1c:48:ce,OPPO
c8:0c:c8,华为
04:25:c5,华为
4c:74:87,乐视
cc:8c:da,Intel英特尔
d4:36:db,托普
6c:5c:14,OPPO
3c:fa:43,华为
14:5f:94,华为
00:6b:f1,思科
28:34:a2,思科
b4:39:d6,惠普
34:f3:9a,Intel英特尔
cc:61:e5,联想
9c:8b:a0,苹果
cc:08:8d,苹果
38:a4:ed,小米
94:b8:19,诺基亚
60:9a:c1,苹果
74:8d:08,苹果
20:db:ab,三星
b4:ef:fa,乐视
f0:98:38,华为
e8:e5:d6,三星
c8:7e:75,三星
00:26:5f,三星
00:23:3a,三星
00:07:ab,三星
38:2d:d1,三星
10:dd:b1,苹果
00:16:6c,三星
18:1e:b0,三星
e8:03:9a,三星
30:cd:a7,三星
00:12:47,三星
00:15:99,三星
00:12:fb,三星
d0:66:7b,三星
b8:5e:7b,三星
e4:92:fb,三星
6c:b7:f4,三星
2c:44:01,三星
b8:d9:ce,三星
1c:66:aa,三星
3c:8b:fe,三星
d4:e8:b2,三星
14:89:fd,三星
bc:85:1f,三星
00:15:b9,三星
00:24:91,三星
00:23:39,三星
50:01:bb,三星
1c:77:f6,OPPO
00:1b:2a,思科
74:23:44,小米
f0:43:47,华为
9c:b2:b2,华为
a8:c8:3a,华为
bc:72:b1,三星
78:f7:be,三星
68:48:98,三星
5c:3c:27,三星
84:c7:ea,索尼
88:79:7e,联想
00:56:2b,思科
d0:13:fd,LG
00:26:f1,惠普
d8:c4:6a,Murata Manufacturing
00:d0:f6,诺基亚
54:a6:19,阿尔卡特
88:83:22,三星
e8:93:09,三星
94:d4:69,思科
6c:d0:32,LG
3c:bd:d8,LG
34:4d:f7,LG
58:3f:54,LG
64:89:9a,LG
00:21:05,阿尔卡特
78:c3:e9,三星
8c:1a:bf,三星
30:cb:f8,三星
a0:cb:fd,三星
e4:5d:75,三星
f8:a9:d0,LG
cc:fa:00,LG
74:a7:22,LG
f0:1c:13,LG
a8:16:b2,LG
64:bc:0c,LG
c0:1a:da,苹果
fc:f1:52,索尼
48:3c:0c,华为
30:9b:ad,步步高
40:88:05,联想
24:e2:71,海信
bc:60:10,海信
d0:fc:cc,三星
98:39:8e,三星
20:f1:7c,华为
34:6a:c2,华为
00:1a:34,康佳
00:23:89,H3C
3c:e5:a6,H3C
5c:dd:70,H3C
3c:8c:40,H3C
68:fb:7e,苹果
84:a1:34,苹果
0c:51:01,苹果
2c:f0:a2,苹果
6c:24:83,微软
00:3a:7d,思科
90:c7:d8,中兴
74:df:bf,Liteon光宝
84:ad:58,华为
58:60:5f,华为
ac:0d:1b,LG
88:79:5b,康佳
5c:ca:1a,微软
fc:2f:aa,诺基亚
10:d0:ab,中兴
20:2d:07,三星
00:34:da,LG
00:c8:8b,思科
98:1f:b1,乐视
b4:4b:d2,苹果
dc:41:5f,苹果
64:12:25,思科
10:2a:b3,小米
f4:5c:89,苹果
20:76:8f,苹果
9c:5c:f9,索尼
98:d6:86,乐视
e8:b2:ac,苹果
e4:9a:79,苹果
30:a9:de,LG
f0:1b:6c,vivo
00:1d:3b,诺基亚
00:1d:fd,诺基亚
00:1e:3b,诺基亚
00:1e:a4,诺基亚
00:26:cc,诺基亚
00:0e:ed,诺基亚
4c:25:78,诺基亚
bc:c6:db,诺基亚
00:11:9f,诺基亚
00:1a:16,诺基亚
00:1a:89,诺基亚
00:1a:dc,诺基亚
00:25:cf,诺基亚
00:21:ab,诺基亚
00:1f:de,诺基亚
00:1f:df,诺基亚
54:79:75,诺基亚
a8:7b:39,诺基亚
00:24:7c,诺基亚
00:22:66,诺基亚
00:21:fe,诺基亚
60:7e:dd,微软
08:37:3d,三星
0c:75:bd,思科
30:0d:43,微软
c4:88:e5,三星
fc:c7:34,三星
84:25:db,三星
b0:ec:71,三星
e4:58:b8,三星
08:8c:2c,三星
64:b8:53,三星
38:94:96,三星
50:56:bf,三星
90:f1:aa,三星
10:77:b1,三星
00:1f:c7,卡西欧
a4:9a:58,三星
08:ee:8b,三星
74:45:8a,三星
68:ed:43,黑莓
70:aa:b2,黑莓
c4:47:3f,华为
00:0f:86,黑莓
e8:c7:4f,Liteon光宝
d0:53:49,Liteon光宝
5c:b5:24,索尼
90:c1:15,索尼
d0:51:62,索尼
18:00:2d,索尼
28:0d:fc,索尼
d0:df:9a,Liteon光宝
1c:65:9d,Liteon光宝
30:10:b3,Liteon光宝
70:1a:04,Liteon光宝
48:d2:24,Liteon光宝
20:68:9d,Liteon光宝
00:24:ef,索尼
00:25:e7,索尼
58:17:0c,索尼
00:16:b8,索尼
08:00:46,索尼
d0:e4:4a,Murata Manufacturing
38:4f:f0,AzureWave海华
74:2f:68,AzureWave海华
4c:14:a3,王牌
d8:87:d5,乐视
00:f2:8b,思科
34:e6:ad,Intel英特尔
08:11:96,Intel英特尔
18:3d:a2,Intel英特尔
80:9b:20,Intel英特尔
00:23:14,Intel英特尔
34:02:86,Intel英特尔
00:1c:bf,Intel英特尔
b4:b6:76,Intel英特尔
3c:a9:f4,Intel英特尔
b8:8a:60,Intel英特尔
78:ff:57,Intel英特尔
9c:4e:36,Intel英特尔
34:13:e8,Intel英特尔
00:27:10,Intel英特尔
ac:2b:6e,Intel英特尔
f8:e0:79,联想
cc:c3:ea,联想
40:78:6a,联想
00:19:d1,Intel英特尔
00:19:d2,Intel英特尔
00:1b:21,Intel英特尔
18:ff:0f,Intel英特尔
34:de:1a,Intel英特尔
e8:b1:fc,Intel英特尔
cc:3d:82,Intel英特尔
00:1f:3c,Intel英特尔
00:23:15,Intel英特尔
00:16:6f,Intel英特尔
00:0a:8a,思科
00:19:5b,D-Link
00:0f:3d,D-Link
ec:22:80,D-Link
00:17:35,Intel英特尔
38:ca:da,苹果
f4:f5:d8,谷歌
34:ab:37,苹果
24:00:ba,华为
24:df:6a,华为
18:af:61,苹果
5c:f9:38,苹果
00:20:7b,Intel英特尔
00:11:75,Intel英特尔
78:0c:b8,Intel英特尔
18:5e:0f,Intel英特尔
7c:7d:3d,华为
44:82:e5,华为
00:23:76,HTC
38:e7:d8,HTC
18:87:96,HTC
b4:ce:f6,HTC
e8:4d:d0,华为
0c:45:ba,华为
6c:72:e7,苹果
74:1b:b2,苹果
cc:44:63,苹果
b0:5b:67,华为
cc:a2:23,华为
78:6a:89,华为
38:46:08,中兴
4c:ac:0a,中兴
b4:b3:62,中兴
b0:75:d5,中兴
d0:15:4a,中兴
00:26:ed,中兴
00:60:57,Murata Manufacturing
14:b9:68,华为
5c:f9:6a,华为
00:22:93,中兴
10:a5:d0,Murata Manufacturing
50:a7:2b,华为
0c:d6:bd,华为
00:f8:1c,华为
08:7a:4c,华为
ac:e2:15,华为
34:6b:d3,华为
70:72:3c,华为
ac:e8:7b,华为
f8:3d:ff,华为
28:5f:db,华为
40:4d:8e,华为
4c:54:99,华为
f4:9f:f3,华为
24:09:95,华为
84:db:ac,华为
94:77:2b,华为
d4:40:f0,华为
04:02:1f,华为
18:59:36,小米
20:0b:c7,华为
f8:4a:bf,华为
78:d7:52,华为
10:47:80,华为
54:89:98,华为
70:a8:e3,华为
f8:e8:11,华为
f8:a4:5f,小米
64:09:80,小米
94:04:9c,华为
68:8f:84,华为
30:d1:7e,华为
00:50:bd,思科
00:90:6f,思科
e0:2f:6d,思科
58:97:1e,思科
b4:e9:b0,思科
00:08:32,思科
18:9c:5d,思科
5c:a4:8a,思科
1c:1d:86,思科
60:73:5c,思科
34:a8:4e,思科
54:78:1a,思科
00:60:5c,思科
00:06:c1,思科
00:e0:14,思科
dc:a5:f4,思科
50:17:ff,思科
70:10:5c,思科
10:f3:11,思科
00:50:f0,思科
00:50:14,思科
00:90:f2,思科
74:a2:e6,思科
bc:f1:f2,思科
c8:00:84,思科
40:a6:e8,思科
b8:38:61,思科
58:0a:20,思科
2c:3e:cf,思科
b0:59:47,Intel英特尔
34:62:88,思科
cc:d8:c1,思科
7c:0e:ce,思科
a0:ec:f9,思科
50:87:89,思科
38:1c:1a,思科
bc:67:1c,思科
00:19:47,思科
00:18:39,思科
54:7c:69,思科
dc:ce:c1,思科
9c:57:ad,思科
60:fe:c5,苹果
e4:25:e7,苹果
bc:92:6b,苹果
10:1c:0c,苹果
08:00:07,苹果
00:40:96,思科
30:f7:0d,思科
e8:65:49,思科
b0:7d:47,思科
38:ed:18,思科
38:20:56,思科
40:d3:2d,苹果
c4:2c:03,苹果
90:27:e4,苹果
10:9a:dd,苹果
58:1f:aa,苹果
88:c6:63,苹果
00:1f:5b,苹果
00:24:36,苹果
00:25:4b,苹果
00:16:cb,苹果
00:17:f2,苹果
7c:6d:62,苹果
20:c9:d0,苹果
68:96:7b,苹果
84:fc:fe,苹果
e4:8b:7f,苹果
00:88:65,苹果
bc:3b:af,苹果
3c:e0:72,苹果
38:48:4c,苹果
a4:67:06,苹果
8c:58:77,苹果
7c:f0:5f,苹果
80:49:71,苹果
6c:3e:6d,苹果
bc:67:78,苹果
d8:d1:cb,苹果
a8:fa:d8,苹果
b8:17:c2,苹果
7c:11:be,苹果
28:37:37,苹果
50:ea:d6,苹果
98:d6:bb,苹果
18:9e:fc,苹果
ac:cf:5c,苹果
80:00:6e,苹果
84:8e:0c,苹果
3c:15:c2,苹果
6c:70:9f,苹果
c0:f2:fb,苹果
24:e3:14,苹果
80:e6:50,苹果
90:fd:61,苹果
08:70:45,苹果
a8:88:08,苹果
a4:c3:61,苹果
2c:f0:ee,苹果
5c:97:f3,苹果
d4:f4:6f,苹果
64:76:ba,苹果
34:e2:fd,苹果
04:48:9a,苹果
f0:f6:1c,苹果
8c:29:37,苹果
b0:9f:ba,苹果
0c:4d:e9,苹果
e0:f5:c6,苹果
a0:ed:cd,苹果
5c:f5:da,苹果
18:ee:69,苹果
64:9a:be,苹果
f0:99:bf,苹果
94:e9:6a,苹果
ac:29:3a,苹果
9c:fc:01,苹果
9c:35:eb,苹果
48:43:7c,苹果
34:a3:95,苹果
78:7e:61,苹果
60:f8:1d,苹果
38:c9:86,苹果
d0:33:11,苹果
50:7a:55,苹果
74:d7:ca,松下
58:82:a8,微软
24:31:84,夏普
e0:36:76,华为
ec:38:8f,华为
d0:3e:5c,华为
54:be:53,中兴
38:d4:0b,三星
e8:3a:12,三星
24:da:9b,联想
a4:dc:be,华为
d4:94:e8,华为
20:9b:cd,苹果
80:65:6d,三星
fc:f1:36,三星
b8:86:87,Liteon光宝
18:89:5b,三星
f8:bf:09,华为
f0:18:2b,LG
58:48:22,索尼
a4:7b:2c,诺基亚
78:bd:bc,三星
48:50:73,微软
7c:f9:0e,三星
50:f0:d3,三星
84:11:9e,三星
14:9a:10,微软
5c:b4:3e,华为
e4:90:7e,联想
94:a7:b7,中兴
18:44:e6,中兴
54:b8:0a,D-Link
24:9e:ab,华为
24:4b:03,三星
6c:a7:5f,中兴
8c:79:67,中兴
00:7e:56,东方龙
74:e2:8c,微软
24:4b:81,三星
d8:55:a3,中兴
38:d8:2f,中兴
e0:8e:3c,中兴
28:84:fa,夏普
60:af:6d,三星
b8:5a:73,三星
3c:1e:04,D-Link
60:d9:a0,联想
98:1d:fa,三星
e8:cc:18,D-Link
84:8e:df,索尼
00:ae:fa,Murata Manufacturing
f8:e9:03,D-Link
24:97:ed,Intel英特尔
20:76:93,联想
10:2f:6b,微软
d4:ec:86,Intel英特尔
d0:fa:1d,360
e8:15:0e,诺基亚
c4:42:02,三星
5c:2e:59,三星
10:30:47,三星
f8:84:f2,三星
b0:75:4d,诺基亚
e0:cb:ee,三星
4c:39:09,惠普
44:86:c1,西门子
6c:19:8f,D-Link
cc:07:e4,联想
3c:25:d7,诺基亚
30:a8:db,索尼
d4:22:4e,阿尔卡特
6c:5f:1c,联想
2c:95:7f,中兴
a0:e4:53,索尼
90:02:8a,乐视
20:e7:91,西门子
9c:d6:43,D-Link
94:e9:8c,诺基亚
68:fc:b3,乐视
28:47:aa,诺基亚
6c:5a:b5,王牌
60:fe:1e,Palm
34:a8:43,京瓷
c8:b3:73,思科
08:80:39,思科
00:59:07,联想
4c:cc:34,摩托罗拉
d4:22:3f,联想
f8:df:a8,中兴
18:55:0f,思科
24:2f:fa,东芝
04:e9:e5,日本无线
34:e0:cf,中兴
34:c8:03,诺基亚
0c:c6:6a,诺基亚
64:d8:14,思科
f8:5f:2a,诺基亚
e8:cb:a1,诺基亚
58:bf:ea,思科
4c:aa:16,AzureWave海华
2c:54:2d,思科
a4:18:75,思科
d0:57:85,泛泰
f4:ea:67,思科
00:2a:6a,思科
78:1c:5a,夏普
94:00:70,诺基亚
00:08:31,思科
6c:e9:07,诺基亚
24:b6:57,思科
94:ae:61,阿尔卡特
b0:5c:e5,诺基亚
4c:5f:d2,阿尔卡特
70:81:05,思科
00:08:2f,思科
9c:c7:d1,夏普
14:90:90,托普
4c:a7:4b,阿尔卡特
fc:00:12,三星
ac:81:f3,诺基亚
ac:4a:fe,海信
dc:f0:5d,乐视
48:dc:fb,诺基亚
54:05:5f,阿尔卡特
14:3e:60,诺基亚
30:4c:7e,松下
e8:40:40,思科
10:8c:cf,思科
08:17:35,思科
c8:9c:1d,思科
c8:df:7c,诺基亚
90:67:b5,阿尔卡特
b4:a4:e3,思科
d0:57:4c,思科
ac:a0:16,思科
90:55:ae,爱立信
08:1f:f3,思科
00:3a:9d,日本电气
30:37:a6,思科
68:ef:bd,思科
54:42:49,索尼
00:3a:9b,思科
7c:cf:cf,Intel英特尔
00:27:0d,思科
00:26:0a,思科
00:25:9c,思科
00:25:45,思科
00:25:46,思科
00:24:97,思科
00:24:a9,乐视
00:23:81,乐视
00:23:b2,Intel英特尔
00:23:04,思科
00:23:5d,思科
00:22:be,思科
00:22:46,Intel英特尔
00:22:48,微软
00:22:90,思科
00:22:0c,思科
00:21:29,思科
00:1f:27,思科
00:1f:26,思科
00:1e:49,思科
00:1d:fb,王牌
00:1d:b3,惠普
00:1d:e6,思科
00:1d:40,Intel英特尔
00:1d:4c,阿尔卡特
00:1c:b1,思科
00:1c:e9,银河
00:1c:2e,惠普
00:1c:06,西门子
00:1c:10,思科
00:19:e6,东洋
00:19:e8,思科
00:19:aa,思科
00:19:2d,诺基亚
00:19:30,思科
00:18:ba,思科
00:17:94,思科
00:17:3e,乐视
00:16:c8,思科
00:15:2b,思科
00:15:2c,思科
00:15:1c,日本电气
00:14:80,LG
00:14:69,思科
00:13:fd,诺基亚
00:13:5f,思科
00:13:3b,东方龙
00:13:1a,思科
00:0f:e4,泛泰
00:0f:bb,诺基亚
00:0f:3a,夏普
00:0f:00,乐视
00:0f:34,思科
00:0e:c7,摩托罗拉
00:0e:d7,思科
00:0e:1f,王牌
00:0d:e5,三星
00:0d:bd,思科
00:0d:02,日本电气
00:0d:66,思科
00:0c:85,思科
00:0c:30,思科
00:0b:60,思科
00:0b:5f,思科
00:0b:89,托普
00:0b:29,LG
00:0a:b7,思科
00:0a:8b,思科
00:09:f7,桑达
00:09:b6,思科
00:09:a3,乐视
00:09:27,东洋
00:09:44,思科
00:08:c2,思科
00:08:a3,思科
00:07:b4,思科
00:07:b3,思科
00:07:85,思科
00:07:50,思科
00:07:0d,思科
00:07:0e,思科
00:06:2a,思科
00:06:37,托普
00:05:5f,思科
00:05:74,思科
00:05:32,思科
00:03:92,现代
00:02:96,乐视
00:01:96,思科
00:30:94,思科
00:30:72,Intel英特尔
00:30:40,思科
00:30:5a,LG
00:30:80,思科
00:d0:de,飞利浦
00:d0:17,鑫河
00:d0:d3,思科
00:50:a9,LG
00:50:ce,LG
00:50:a7,思科
00:10:ef,迪比特
00:10:3f,LG
00:e0:c2,日本电气
00:e0:87,乐视
00:60:53,东洋
00:a0:61,雷特
00:20:21,LG
00:c0:50,东洋
00:80:f0,松下
00:80:21,阿尔卡特
08:00:1f,夏普
f4:74:88,H3C
80:31:f0,三星
28:52:f9,Intel英特尔
e0:d0:83,三星
d8:0b:9a,三星
ac:8d:34,华为
c0:e4:34,AzureWave海华
6c:71:0d,思科
5c:e7:a0,诺基亚
e0:1f:88,小米
8c:dc:02,中兴
20:31:1c,vivo
58:d5:0a,Murata Manufacturing
88:a3:03,三星
fc:de:90,三星
18:54:cf,三星
e8:84:c6,华为
64:2c:ac,华为
08:cc:27,联想
04:d3:95,联想
f0:a3:5a,苹果
60:83:73,苹果
84:ad:8d,苹果
74:42:8b,苹果
6c:41:0e,思科
6c:31:0e,思科
28:77:f1,苹果
5c:b4:e2,浪潮
3c:51:0e,思科
a8:2b:cd,华为
48:dc:2d,华为
c4:b2:39,思科
64:90:c1,小米
4c:4f:ee,一加
4c:e1:75,思科
a8:24:b8,诺基亚
e8:d8:d1,惠普
80:7b:3e,三星
f8:f1:e6,三星
88:a9:b7,苹果
ec:ce:d7,苹果
48:eb:62,Murata Manufacturing
5c:e1:76,思科
ac:90:85,苹果
3c:57:31,思科
9c:28:f7,小米
94:3b:b0,H3C
80:30:49,Liteon光宝
b0:b1:94,中兴
10:c3:ab,华为
28:11:ec,华为
38:eb:47,华为
70:38:11,西门子
2c:97:ed,索尼
20:82:6a,OPPO
b8:90:47,苹果
90:9c:4a,苹果
90:8c:43,苹果
3c:7d:0a,苹果
d4:8a:39,三星
e4:f3:c4,三星
9c:2f:4e,中兴
f0:10:90,H3C
08:bf:a0,三星
70:1f:3c,三星
d8:a8:c8,中兴
38:22:e2,惠普
94:db:56,索尼
78:aa:82,H3C
88:40:33,华为
ac:7a:56,思科
c0:a6:6d,浪潮
70:f0:96,思科
6c:2f:8a,三星
f8:6b:d9,思科
c0:14:fe,思科
7c:ad:4f,思科
94:25:33,华为
fc:60:9b,H3C
e8:a1:f8,中兴
98:a9:42,Intel英特尔
30:42:40,中兴
4c:21:13,诺基亚
80:2d:bf,思科
14:c8:8b,苹果
ec:26:51,苹果
18:3e:ef,苹果
60:7e:c9,苹果
64:4c:36,Intel英特尔
48:89:e7,Intel英特尔
24:ee:9a,Intel英特尔
5c:87:9c,Intel英特尔
50:eb:71,Intel英特尔
0c:dd:24,Intel英特尔
94:b8:6d,Intel英特尔
20:16:b9,Intel英特尔
38:ba:f8,Intel英特尔
3c:6a:a7,Intel英特尔
34:e1:2d,Intel英特尔
00:bb:60,Intel英特尔
60:f6:77,Intel英特尔
a0:88:69,Intel英特尔
74:e5:f9,Intel英特尔
80:00:0b,Intel英特尔
34:41:5d,Intel英特尔
fc:77:74,Intel英特尔
98:2c:bc,Intel英特尔
3c:f0:11,Intel英特尔
28:7f:cf,Intel英特尔
80:32:53,Intel英特尔
d8:c0:a6,AzureWave海华
9c:fc:e8,Intel英特尔
f8:ac:65,Intel英特尔
08:fa:79,vivo
f0:9b:b8,华为
bc:17:b8,Intel英特尔
44:bb:3b,谷歌
14:c1:4e,谷歌
ec:c0:1b,华为
98:44:ce,华为
44:1c:7f,联想
00:b8:b6,联想
1c:e6:1d,三星
cc:db:93,思科
54:48:e6,小米
60:d4:e9,OPPO
30:c5:0f,华为
28:68:d2,华为
28:d1:27,小米
d8:8c:79,谷歌
74:3a:20,H3C
c8:84:a1,思科
d8:77:8b,Intel英特尔
e0:d4:64,Intel英特尔
c0:f6:c2,华为
94:54:ce,OPPO
38:8a:be,OPPO
68:93:20,H3C
54:84:dc,中兴
38:54:9b,中兴
58:d0:61,华为
64:d2:c4,苹果
dc:52:85,苹果
e8:81:52,苹果
90:81:58,苹果
d0:d2:3c,苹果
78:e3:de,苹果
40:8c:4c,Intel英特尔
a8:30:1c,Intel英特尔
d8:f3:bc,Liteon光宝
a8:74:84,中兴
e0:4b:a6,华为
c8:b6:d3,华为
fc:8d:3d,乐视
a0:69:74,荣耀
bc:69:cb,松下
08:93:56,华为
6c:14:6e,华为
44:e9:68,华为
e0:c3:77,三星
64:03:7f,三星
b4:9d:02,三星
80:9f:f5,三星
dc:b7:2e,小米
bc:99:30,华为
6c:e8:74,华为
c4:69:f0,华为
ec:64:88,荣耀
74:d6:cb,H3C
0c:3a:fa,H3C
28:3b:82,D-Link
0c:b6:d2,D-Link
60:be:c4,苹果
f8:b1:dd,苹果
f8:66:5a,苹果
a8:81:7e,苹果
50:8e:49,小米
e4:27:61,荣耀
8c:f3:19,西门子
e4:d3:aa,日本电气
d0:40:ef,Murata Manufacturing
90:cc:df,Intel英特尔
08:5b:d6,Intel英特尔
b4:0e:de,Intel英特尔
e0:2b:e9,Intel英特尔
c8:e2:65,Intel英特尔
8c:8d:28,Intel英特尔
04:7a:0b,小米
0c:93:8f,OPPO
78:f9:b4,诺基亚
60:a8:fe,诺基亚
d8:ef:cd,诺基亚
6c:f7:12,诺基亚
8c:de:e6,三星
10:ec:81,三星
c4:5d:83,三星
e8:6d:e9,华为
14:46:58,华为
58:be:72,华为
10:8f:fe,华为
98:be:dc,荣耀
44:b6:be,思科
34:31:8f,苹果
c4:14:11,苹果
cc:c9:5d,苹果
34:56:fe,思科
b8:07:56,思科
c8:33:e5,华为
ac:5a:fc,Intel英特尔
5c:66:6c,OPPO
44:ef:bf,东方龙
ec:fa:5c,小米
bc:b0:e7,华为
54:34:ef,华为
ac:e3:42,华为
90:17:c8,华为
dc:f8:b9,中兴
48:01:c5,一加
00:01:63,思科
e0:00:84,华为
c4:e1:a1,OPPO
18:55:e3,苹果
e4:50:eb,苹果
88:64:40,苹果
60:70:c0,苹果
f0:c3:71,苹果
b4:6c:47,松下
94:bf:80,中兴
98:7a:14,微软
c8:3d:dc,小米
84:57:33,微软
00:24:23,AzureWave海华
58:f3:9c,思科
f4:1d:6b,华为
cc:90:70,思科
28:41:c6,华为
80:91:33,AzureWave海华
b4:f5:8e,华为
78:d3:47,爱立信
68:db:67,同洲
18:19:d6,三星
bc:98:df,联想
ac:f5:e6,思科
dc:b0:82,诺基亚
70:dd:a8,OPPO
4c:6f:9c,OPPO
78:2c:29,H3C
f8:b7:97,日本电气
cc:a1:2b,王牌
ac:00:d0,中兴
00:1e:a3,诺基亚
24:31:54,华为
2c:58:e8,华为
48:83:b4,OPPO
84:b8:b8,摩托罗拉
00:17:fa,微软
94:16:25,苹果
34:a8:eb,苹果
a4:83:e7,苹果
f4:af:e7,苹果
ac:88:fd,苹果
50:3e:7c,乐视
24:58:6e,中兴
3c:91:80,Liteon光宝
20:32:6c,三星
64:89:f1,三星
20:34:fb,小米
a8:9c:ed,小米
d0:ec:35,思科
d4:53:83,Murata Manufacturing
e4:58:e7,三星
d0:58:c0,海尔
70:ea:1a,思科
80:8a:8b,vivo
00:32:17,思科
94:e0:d6,东方龙
58:c2:32,日本电气
a4:8c:c0,LG
3c:28:6d,谷歌
dc:08:0f,苹果
f8:e9:4e,苹果
ec:2c:e2,苹果
40:bc:60,苹果
e8:36:17,苹果
9c:64:8b,苹果
34:42:62,苹果
14:d0:0d,苹果
70:3a:51,小米
04:e5:98,小米
3c:01:ef,索尼
c0:bd:c8,三星
64:7b:ce,三星
a8:87:b3,三星
6c:00:6b,三星
70:6d:15,思科
30:13:89,西门子
f0:63:f9,华为
7c:c3:85,华为
24:fc:e5,三星
80:96:21,联想
00:ea:bd,思科
5c:c9:99,H3C
b0:2a:43,谷歌
30:a1:fa,华为
9c:aa:1b,微软
b0:8b:cf,思科
70:fd:46,三星
8c:83:e1,三星
88:9f:6f,三星
5c:63:c9,Intel英特尔
24:7e:51,中兴
e8:b5:41,中兴
48:2c:a0,小米
34:12:f9,华为
bc:e2:65,华为
4c:d1:a1,华为
88:bf:e4,华为
0c:cb:85,联想
a0:93:51,思科
00:11:33,西门子
00:0b:23,西门子
00:51:ed,LG
34:0a:98,华为
64:6d:6c,华为
c4:b8:b4,华为
48:75:83,Intel英特尔
fc:fb:fb,思科
00:7e:95,思科
08:d4:6a,LG
80:b5:75,华为
a4:be:2b,华为
68:e7:c2,三星
58:b1:0f,三星
3c:f5:cc,H3C
a4:92:cb,诺基亚
20:3d:bd,LG
64:a2:f9,一加
a8:7d:12,华为
0c:b3:4f,Intel英特尔
dc:de:4f,金立
4c:d0:cb,华为
50:5d:ac,华为
94:9d:57,松下
00:72:78,思科
64:5a:ed,苹果
c0:b6:58,苹果
48:a9:1c,苹果
50:bc:96,苹果
fc:2a:9c,苹果
68:2c:7b,思科
a0:56:f3,苹果
54:99:63,苹果
90:dd:5d,苹果
b4:cd:27,华为
c8:19:f7,三星
f0:af:50,Intel英特尔
c4:2c:4f,海信
38:80:df,联想
48:bd:3d,H3C
dc:72:9b,华为
90:94:97,华为
0c:c6:cc,华为
78:58:60,华为
e8:ab:f3,华为
3c:dc:bc,三星
80:4e:70,三星
d4:e6:b7,三星
4c:77:6d,思科
44:9e:f9,vivo
04:d1:3a,小米
c4:84:66,苹果
34:7c:25,苹果
cc:2d:b7,苹果
0c:98:38,小米
74:ea:cb,H3C
d4:1a:3f,OPPO
38:ad:be,H3C
5c:ad:76,王牌
5c:86:5c,三星
04:b1:67,小米
ec:83:50,微软
2c:54:91,微软
e4:bd:4b,中兴
e4:2b:34,苹果
3c:2e:f9,苹果
a0:4e:a7,苹果
f0:98:9d,苹果
70:1f:53,思科
ec:7d:11,vivo
d8:08:31,三星
08:67:4e,海信
50:0f:80,思科
10:f1:f2,LG
8c:68:c8,中兴
ec:82:63,中兴
68:3c:7d,Intel英特尔
94:28:2e,H3C
6c:b7:49,华为
98:9c:57,华为
f4:d7:b2,LG
00:15:2a,诺基亚
9c:4a:7b,诺基亚
2c:d2:e7,诺基亚
38:6e:a2,vivo
98:2d:68,三星
08:00:70,三菱
44:4a:b0,Intel英特尔
c4:21:c8,京瓷
80:73:9f,京瓷
70:58:12,松下
04:20:9a,松下
40:99:22,AzureWave海华
d8:b1:2a,松下
b0:19:c6,苹果
38:66:f0,苹果
e8:68:19,华为
1c:ab:34,H3C
3c:78:43,华为
5c:09:79,华为
e4:fb:5d,华为
70:3e:ac,苹果
30:99:35,中兴
0c:72:d9,中兴
cc:2f:71,Intel英特尔
8c:25:05,华为
74:7d:24,斐讯
7c:2e:dd,三星
3c:f7:a4,三星
9c:6f:52,中兴
70:6e:6d,思科
30:fe:31,诺基亚
1c:4d:70,Intel英特尔
6c:b2:27,索尼
98:6f:60,OPPO
00:a3:d1,思科
74:26:ac,思科
9c:06:1b,H3C
60:14:66,中兴
68:54:ed,阿尔卡特
00:11:92,思科
ac:74:09,H3C
c4:9d:ed,微软
98:10:e8,苹果
c0:d0:12,苹果
bc:a9:20,苹果
48:a1:95,苹果
f8:03:77,苹果
f4:96:34,Intel英特尔
2c:86:d2,思科
80:58:f8,联想
dc:a4:ca,苹果
8c:8f:e9,苹果
f8:a3:4f,中兴
54:25:ea,华为
5c:ba:37,微软
28:fe:cd,乐视
c8:94:bb,华为
10:b1:f8,华为
08:9e:08,谷歌
90:17:11,汉佳诺
c0:d9:f7,Intel英特尔
2c:20:0b,苹果
88:66:a5,苹果
ac:c1:ee,小米
54:19:c8,vivo
80:5a:04,LG
bc:83:85,微软
f8:46:1c,索尼
38:bc:01,华为
34:1e:6b,华为
88:66:39,华为
00:42:5a,思科
2c:59:8a,LG
88:44:77,华为
14:9d:09,华为
e4:7d:bd,三星
9c:fb:d5,vivo
00:1c:b3,苹果
00:b0:e1,思科
e0:7c:13,中兴
f4:1f:88,中兴
18:e2:9f,vivo
70:79:90,华为
84:25:19,三星
24:92:0e,三星
fc:42:03,三星
a0:10:81,三星
3c:8b:cd,阿尔卡特
4c:f9:5d,华为
84:21:f1,华为
f0:79:60,苹果
a0:d7:95,苹果
f8:63:3f,Intel英特尔
f0:d5:bf,Intel英特尔
98:13:33,中兴
bc:47:60,三星
04:18:0f,三星
20:13:e0,三星
00:25:66,三星
d0:db:32,诺基亚
c0:9f:05,OPPO
c0:f9:45,东芝
d4:2c:44,思科
84:3d:c6,思科
60:6b:bd,三星
00:21:4c,三星
00:18:af,三星
00:1e:e1,三星
00:16:6b,三星
00:00:f0,三星
8c:c8:cd,三星
a8:f2:74,三星
d4:87:d8,三星
18:46:17,三星
38:0a:94,三星
d0:df:c7,三星
d0:c1:b1,三星
80:18:a7,三星
f4:7b:5e,三星
70:f9:27,三星
88:6a:b1,vivo
00:5a:13,华为
c4:50:06,三星
bc:44:86,三星
20:d3:90,三星
94:01:c2,三星
50:fc:9f,三星
38:0b:40,三星
b8:ff:61,苹果
f0:72:8c,三星
34:aa:8b,三星
24:db:ed,三星
68:c4:4d,联想
44:04:44,OPPO
2c:9d:1e,华为
00:81:c4,思科
84:b5:41,三星
00:6f:64,三星
dc:66:72,三星
e0:dd:c0,vivo
00:16:4d,阿尔卡特
00:1a:f0,阿尔卡特
38:52:1a,诺基亚
ac:9c:e4,阿尔卡特
00:23:3e,阿尔卡特
6c:be:e9,阿尔卡特
f8:e6:1a,三星
a0:91:c8,中兴
cc:2d:8c,LG
98:d6:f7,LG
70:05:14,LG
e8:92:a4,LG
10:68:3f,LG
40:b0:fa,LG
00:25:e5,LG
00:21:fb,LG
34:fc:ef,LG
bc:f5:ac,LG
0c:48:85,LG
00:22:a9,LG
68:a0:f6,华为
00:b0:64,思科
9c:2a:83,三星
c8:02:10,LG
a0:39:f7,LG
00:23:18,东芝
b8:6b:23,东芝
00:1c:7e,东芝
44:6e:e5,华为
68:3e:34,魅族
ac:9b:0a,索尼
10:4f:a8,索尼
b0:e2:35,小米
14:c9:13,LG
e0:98:61,联想
00:f6:63,思科
a0:60:90,三星
bc:76:5e,三星
e0:a8:b8,乐视
b8:81:98,Intel英特尔
00:5f:86,思科
d8:5b:2a,三星
1c:7b:23,海信
34:b3:54,华为
90:c1:c6,苹果
70:a2:b3,苹果
f4:0f:24,苹果
4c:57:ca,苹果
00:62:ec,思科
cc:16:7e,思科
c4:6a:b7,小米
74:1f:4a,H3C
0c:da:41,H3C
74:25:8a,H3C
48:e9:f1,苹果
90:38:09,爱立信
c8:3f:26,微软
50:68:0a,华为
48:7a:da,H3C
00:ca:e5,思科
00:42:68,思科
40:16:3b,三星
fc:3f:7c,华为
38:4c:4f,华为
0c:bf:3f,乐视
40:5e:e1,Intel英特尔
c8:38:70,三星
00:78:88,思科
90:03:25,华为
98:e7:f5,华为
6c:8f:b5,微软
00:8e:73,思科
00:15:c1,索尼
1c:9e:46,苹果
00:35:1a,思科
00:af:1f,思科
80:38:96,夏普
c0:cc:f8,苹果
9c:4f:da,苹果
84:89:ad,苹果
00:18:0f,诺基亚
c8:97:9f,诺基亚
ec:f3:5b,诺基亚
54:44:08,诺基亚
3c:c2:43,诺基亚
00:21:fc,诺基亚
00:1f:5d,诺基亚
00:1f:01,诺基亚
00:1b:ee,诺基亚
00:19:79,诺基亚
00:25:d0,诺基亚
34:7e:39,诺基亚
64:77:91,三星
9c:e6:e7,三星
9c:02:98,三星
28:98:7b,三星
54:fa:3e,三星
0c:89:10,三星
78:ab:bb,三星
d8:c4:e9,三星
bc:d1:1f,三星
f4:42:8f,三星
44:6d:6c,三星
00:f4:6f,三星
0c:71:5d,三星
34:bb:1f,黑莓
40:6f:2a,黑莓
7c:1c:f1,华为
78:f5:57,华为
e0:28:61,华为
d0:d0:4b,华为
48:00:31,华为
d4:76:ea,中兴
00:17:5a,思科
c8:ff:28,Liteon光宝
00:1d:ba,索尼
00:24:be,索尼
00:0f:de,索尼
0c:fe:45,索尼
20:16:d8,Liteon光宝
e0:63:e5,索尼
f8:d0:ac,索尼
24:21:ab,索尼
b8:f9:34,索尼
8c:64:22,索尼
00:1b:59,索尼
00:22:98,索尼
e8:61:7e,Liteon光宝
18:cf:5e,Liteon光宝
60:5b:b4,AzureWave海华
5c:36:b8,王牌
00:aa:01,Intel英特尔
98:5f:d3,微软
00:da:55,思科
00:aa:00,Intel英特尔
00:c2:c6,Intel英特尔
5c:d2:e4,Intel英特尔
28:b2:bd,Intel英特尔
00:22:43,AzureWave海华
60:be:b5,联想
f8:f1:b6,联想
3c:fd:fe,Intel英特尔
a4:c4:94,Intel英特尔
90:2e:1c,Intel英特尔
a4:34:d9,Intel英特尔
68:5d:43,Intel英特尔
a0:36:9f,Intel英特尔
64:d4:da,Intel英特尔
40:25:c2,Intel英特尔
50:2d:a2,Intel英特尔
78:92:9c,Intel英特尔
84:3a:4b,Intel英特尔
5c:51:4f,Intel英特尔
a4:4e:31,Intel英特尔
4c:eb:42,Intel英特尔
f8:16:54,Intel英特尔
60:6c:66,Intel英特尔
4c:80:93,Intel英特尔
ac:72:89,Intel英特尔
44:85:00,Intel英特尔
0c:d2:92,Intel英特尔
dc:a9:71,Intel英特尔
58:94:6b,Intel英特尔
00:24:d7,Intel英特尔
00:24:d6,Intel英特尔
00:1d:e0,Intel英特尔
4c:79:ba,Intel英特尔
84:a6:c8,Intel英特尔
58:91:cf,Intel英特尔
0c:8b:fd,Intel英特尔
00:21:5c,Intel英特尔
00:21:6b,Intel英特尔
00:22:fb,Intel英特尔
00:15:17,Intel英特尔
a0:a8:cd,Intel英特尔
5c:c5:d4,Intel英特尔
00:1e:64,Intel英特尔
f4:f1:e1,联想
9c:d9:17,联想
90:68:c3,联想
3c:19:7d,爱立信
28:fa:a0,vivo
ec:df:3a,vivo
f4:29:81,vivo
e4:6f:13,D-Link
bc:f6:85,D-Link
78:54:2e,D-Link
c4:a8:1d,D-Link
00:21:91,D-Link
ac:f1:df,D-Link
cc:46:d6,思科
00:41:d2,思科
2c:ab:00,华为
a8:ca:7b,华为
f8:8f:ca,谷歌
38:97:d6,H3C
68:db:ca,苹果
08:66:98,苹果
bc:54:36,苹果
04:4b:ed,苹果
6c:8d:c1,苹果
0c:d7:46,苹果
60:a3:7d,苹果
00:11:11,Intel英特尔
00:13:02,Intel英特尔
00:04:23,Intel英特尔
58:ac:78,思科
b8:fc:9a,乐视
d4:0b:1a,HTC
a0:8d:16,华为
ec:4d:47,华为
c4:40:44,托普
4c:a1:61,波导
fc:64:ba,小米
90:60:f1,苹果
a4:51:6f,微软
54:27:58,摩托罗拉
08:18:1a,中兴
00:1e:73,中兴
00:15:eb,中兴
f0:27:65,Murata Manufacturing
5c:f8:a1,Murata Manufacturing
44:a7:cf,Murata Manufacturing
00:13:e0,Murata Manufacturing
1c:99:4c,Murata Manufacturing
f4:55:9c,华为
80:b6:86,华为
10:c6:1f,华为
cc:96:a0,华为
f8:01:13,华为
a4:99:47,华为
c8:d1:5e,华为
c0:70:09,华为
80:38:bc,华为
c4:07:2f,华为
f4:8e:92,华为
00:66:4b,华为
9c:c1:72,华为
24:7f:3c,华为
58:1f:28,华为
ec:cb:30,华为
f4:dc:f9,华为
30:87:30,华为
24:1f:a0,华为
18:c5:8a,华为
68:df:dd,小米
70:54:f5,华为
dc:d2:fc,华为
90:17:ac,华为
34:cd:be,华为
d8:49:0b,华为
9c:28:ef,华为
00:10:0b,思科
00:17:3b,思科
04:da:d2,思科
f0:29:29,思科
20:bb:c0,思科
4c:4e:35,思科
98:fa:e3,小米
f0:b4:29,小米
00:50:80,思科
00:50:73,思科
00:90:0c,思科
00:90:5f,思科
00:e0:f7,思科
00:1b:d7,思科
00:60:83,思科
00:60:09,思科
00:06:7c,思科
00:10:7b,思科
00:50:e2,思科
e4:d3:f1,思科
84:78:ac,思科
00:90:a6,思科
00:90:86,思科
c4:14:3c,思科
3c:08:f6,思科
bc:16:65,思科
f8:72:ea,思科
d0:c7:89,思科
f8:4f:57,思科
50:1c:bf,思科
b0:00:b4,思科
54:4a:00,思科
00:e1:6d,思科
78:ba:f9,思科
00:22:ce,思科
e0:d1:73,思科
e0:89:9d,思科
c4:72:95,思科
7c:69:f6,思科
78:da:6e,思科
b8:78:2e,苹果
00:05:02,苹果
00:0a:95,苹果
34:bd:c8,思科
dc:eb:94,思科
84:b5:17,思科
00:0f:66,思科
24:37:4c,思科
18:8b:9d,思科
e4:aa:5d,思科
f4:5f:d4,思科
2c:ab:a4,思科
00:26:4a,苹果
04:1e:64,苹果
00:11:24,苹果
00:22:41,苹果
7c:c5:37,苹果
78:ca:39,苹果
18:e7:f4,苹果
70:cd:60,苹果
8c:7b:9d,苹果
d8:9e:3f,苹果
b8:c7:5d,苹果
0c:74:c2,苹果
40:30:04,苹果
84:29:99,苹果
74:e2:f5,苹果
e0:c9:7a,苹果
68:a8:6d,苹果
7c:c3:a1,苹果
70:73:cb,苹果
90:84:0d,苹果
e8:06:88,苹果
ec:85:2f,苹果
00:f4:b9,苹果
5c:95:ae,苹果
98:03:d8,苹果
60:c5:47,苹果
68:5b:35,苹果
2c:b4:3a,苹果
68:9c:70,苹果
38:0f:4a,苹果
30:10:e4,苹果
a8:86:dd,苹果
44:4c:0c,苹果
b4:f0:ab,苹果
80:92:9f,苹果
9c:04:eb,苹果
5c:96:9d,苹果
60:92:17,苹果
84:b1:53,苹果
e0:66:78,苹果
48:d7:05,苹果
04:15:52,苹果
cc:78:5f,苹果
88:cb:87,苹果
f0:c1:f1,苹果
84:38:35,苹果
8c:00:6d,苹果
a8:96:8a,苹果
f4:1b:a1,苹果
60:d9:c7,苹果
3c:ab:8e,苹果
f8:27:93,苹果
90:72:40,苹果
90:8d:6c,苹果
b8:09:8a,苹果
4c:7c:5f,苹果
68:64:4b,苹果
c8:1e:e7,苹果
a4:31:35,苹果
68:d9:3c,苹果
00:f7:6f,苹果
c8:85:50,苹果
70:14:a6,苹果
98:5a:eb,苹果
78:d7:5f,苹果
e0:b5:2d,苹果
6c:94:f8,苹果
c0:ce:cd,苹果
f4:4b:2a,思科
2c:ae:2b,三星
c8:69:cd,苹果
a4:b8:05,苹果
5c:ad:cf,苹果
bc:6c:21,苹果
f4:0e:22,三星
54:4e:90,苹果
f8:98:b9,华为
c0:11:73,三星
bc:e6:3f,三星
7c:91:22,三星
ac:bc:32,苹果
e8:f2:e2,LG
24:5b:f0,Liteon光宝
28:27:bf,三星
f4:b8:a7,中兴
30:0c:23,中兴
44:f4:36,中兴
40:b8:37,索尼
80:01:84,HTC
fc:e3:3c,华为
8c:bf:a6,三星
c8:a8:23,三星
b0:c5:59,三星
a4:8c:db,联想
bc:14:85,三星
9c:6c:15,微软
c0:33:5e,微软
b0:49:5f,欧姆龙
60:f1:89,Murata Manufacturing
d0:92:9e,微软
bc:52:b4,诺基亚
78:31:2b,中兴
94:bf:95,同洲
34:4d:ea,中兴
4c:16:f1,中兴
ec:1d:7f,中兴
ac:38:70,联想
4c:83:de,思科
a8:13:74,松下
08:3d:88,三星
3c:18:9f,诺基亚
84:85:0a,中兴
dc:f1:10,诺基亚
60:8f:5c,三星
10:92:66,三星
ec:2e:4e,日立
a4:7e:39,中兴
cc:b6:91,日本电气
fc:c2:de,Murata Manufacturing
b0:61:c7,爱立信
4c:7f:62,诺基亚
d8:2a:15,乐视
08:3f:76,Intel英特尔
cc:89:fd,诺基亚
0c:12:62,中兴
c0:64:c6,诺基亚
90:35:6e,沃达丰
78:3d:5b,Intel英特尔
70:8d:09,诺基亚
84:26:2b,诺基亚
98:6c:f5,中兴
4c:cb:f5,中兴
bc:2b:6b,海尔
1c:7b:21,索尼
68:ee:96,思科
4c:21:d0,索尼
78:e8:b6,中兴
78:f5:e5,乐视
10:66:82,日本电气
f0:84:c9,中兴
28:18:78,微软
74:5f:00,三星
e0:c3:f3,中兴
84:7a:88,HTC
34:f6:2d,夏普
80:cf:41,联想
ac:72:36,乐视
14:1b:f0,Intel英特尔
58:87:e2,同洲
f4:6d:e2,中兴
50:39:55,思科
10:bd:18,思科
0c:d9:96,思科
d8:67:d9,思科
a4:e7:31,诺基亚
a4:4c:11,思科
a0:f4:50,HTC
a0:f4:19,诺基亚
2c:36:f8,思科
a4:56:30,思科
04:5a:95,诺基亚
c8:f9:f9,思科
a8:26:d9,HTC
28:94:0f,思科
98:fe:03,爱立信
0c:85:25,思科
20:aa:4b,思科
fc:8f:c4,Intel英特尔
28:d1:af,诺基亚
d4:e3:3f,诺基亚
14:7d:c5,Murata Manufacturing
64:d9:89,思科
10:f9:ee,诺基亚
20:37:06,思科
e8:ba:70,思科
1c:aa:07,思科
78:2e:ef,诺基亚
b8:be:bf,思科
44:e4:d9,思科
d4:5d:42,诺基亚
04:c5:a4,思科
c0:62:6b,思科
80:65:e9,明基
50:3d:e5,思科
8c:b6:4f,思科
6c:50:4d,思科
b4:14:89,思科
a4:a8:0f,同洲
5c:17:d3,LG
1c:df:0f,思科
68:bd:ab,思科
70:76:f0,乐视
dc:7b:94,思科
6c:9b:02,诺基亚
d0:d0:fd,思科
98:fc:11,思科
28:93:fe,思科
68:7f:74,思科
40:f5:2e,乐视
fc:61:98,日本电气
2c:06:23,乐视
40:ec:f8,西门子
bc:b1:81,夏普
90:6d:c8,LG
00:26:a7,日本电气
00:26:cb,思科
00:26:99,思科
00:25:b5,思科
00:24:f7,思科
00:24:51,思科
00:24:47,中兴
00:24:50,思科
00:24:14,思科
00:23:ea,思科
00:23:05,思科
00:23:33,思科
00:23:5e,思科
00:22:bd,思科
00:22:77,日本电气
00:22:0d,思科
00:21:8c,托普
00:21:a0,思科
00:1f:fe,惠普
00:21:1b,思科
00:1f:ca,思科
00:1e:f6,思科
00:1e:79,思科
00:1e:be,思科
00:1e:bd,思科
00:1e:54,东洋
00:1e:4a,思科
00:1e:13,思科
00:1d:66,现代
00:1d:a2,思科
00:1d:46,思科
00:1d:31,惠普
00:1c:d9,托普
00:1c:f9,思科
00:1c:8e,阿尔卡特
00:1c:58,思科
00:1c:0e,思科
00:1b:f9,Intel英特尔
00:1b:d4,思科
00:1c:08,360
00:1b:54,思科
00:1a:30,思科
00:1a:6d,思科
00:1a:6c,思科
00:19:b4,Intel英特尔
00:19:a1,LG
00:19:60,多科莫
00:18:e2,托普
00:19:2f,思科
00:19:07,思科
00:18:d1,西门子
00:18:b9,思科
00:18:74,思科
00:18:19,思科
00:17:5c,夏普
00:17:95,思科
00:17:59,思科
00:17:0f,思科
00:16:a1,乐视
00:15:fa,思科
00:15:c6,思科
00:15:72,乐视
00:15:5d,微软
00:15:62,思科
00:14:f2,思科
00:14:79,日本电气
00:14:a8,思科
00:14:1c,思科
00:13:c4,思科
00:13:b1,Intel英特尔
00:13:7f,思科
00:12:95,爱华
00:12:33,日本无线
00:12:5a,微软
00:12:56,LG
00:11:bc,思科
00:11:3f,阿尔卡特
00:0f:12,松下
00:0e:9e,托普
00:0e:63,乐视
00:0e:60,360
00:0d:ed,思科
00:0e:09,同洲
00:0d:bc,思科
00:0d:3a,微软
00:0d:5e,日本电气
00:0c:73,泰尔信
00:0c:36,夏普
00:0b:fd,思科
00:0b:85,思科
00:0b:e1,诺基亚
00:0b:be,思科
00:09:e9,思科
00:0a:28,摩托罗拉
00:09:e8,思科
00:09:83,托普
00:09:43,思科
00:08:9a,阿尔卡特
00:08:7c,思科
00:08:7d,思科
00:07:a6,乐视
00:07:4f,思科
00:05:dd,思科
00:06:28,思科
00:05:9b,思科
00:05:dc,思科
00:05:00,思科
00:05:19,西门子
00:04:9a,思科
00:04:07,托普
00:04:4d,思科
00:04:48,宝丽来
00:04:6d,思科
00:03:ff,微软
00:04:28,思科
00:03:9f,思科
00:03:32,思科
00:80:37,爱立信
00:02:4a,思科
00:02:7e,思科
00:02:16,思科
00:01:2a,Intel英特尔
00:01:97,思科
00:d0:90,思科
00:d0:58,思科
00:50:3e,思科
00:10:67,爱立信
00:60:b9,日本电气
00:60:e8,日立
00:a0:d7,采星
00:c0:0c,LG
00:c0:77,大宇
00:c0:74,东洋
00:40:f7,宝丽来
00:40:54,日本电气
08:00:6f,飞利浦
08:00:3d,迪奈特
64:ae:f1,海信
44:cb:8b,LG
b4:05:5d,浪潮
28:bd:89,谷歌
d8:a3:15,vivo
f8:9e:28,思科
18:d0:c5,OPPO
34:ed:1b,思科
c4:44:7d,华为
30:e9:8e,华为
9c:f5:31,OPPO
80:e4:55,H3C
2c:4c:c6,Murata Manufacturing
7c:21:0d,思科
dc:dc:e2,三星
a0:ac:69,三星
10:89:fb,三星
5c:3a:3d,中兴
30:fd:65,华为
7c:a1:ae,苹果
3c:22:fb,苹果
68:19:ac,Intel英特尔
a4:30:7a,三星
4c:49:4f,中兴
c4:74:1e,中兴
dc:89:83,三星
5c:cb:99,三星
90:b1:44,三星
94:0c:98,苹果
e8:fb:e9,苹果
38:ec:0d,苹果
c8:c7:50,联想
2c:dc:d7,AzureWave海华
94:be:46,摩托罗拉
6c:5d:3a,微软
14:16:9d,思科
b4:b0:55,华为
04:8c:16,华为
14:47:2d,OPPO
e4:90:fd,苹果
84:ab:1a,苹果
d0:65:44,苹果
6c:dd:bc,三星
cc:7f:76,思科
dc:98:40,微软
44:76:54,华为
7c:d9:a0,华为
f0:33:e5,华为
e4:83:26,华为
8c:0c:87,诺基亚
cc:a7:c1,谷歌
38:84:79,思科
1c:02:19,OPPO
9c:61:1d,松下
40:2f:86,LG
64:dd:e9,小米
b4:ef:1c,360
30:fc:eb,LG
24:68:b0,三星
ec:63:ed,现代
e4:41:22,一加
2c:d0:66,小米
b0:5c:da,惠普
90:16:ba,华为
d4:46:49,华为
94:00:b0,华为
90:77:ee,思科
3c:13:cc,思科
94:e3:ee,中兴
d8:dc:40,苹果
80:5f:c5,苹果
10:f9:20,思科
20:69:80,苹果
64:32:a8,Intel英特尔
80:19:34,Intel英特尔
40:a3:cc,Intel英特尔
e4:a7:a0,Intel英特尔
3c:4d:be,苹果
48:26:2c,苹果
14:7d:da,苹果
c4:91:0c,苹果
64:5d:86,Intel英特尔
18:1d:ea,Intel英特尔
18:56:80,Intel英特尔
a0:a4:c5,Intel英特尔
f4:d1:08,Intel英特尔
20:79:18,Intel英特尔
a8:6d:aa,Intel英特尔
38:00:25,Intel英特尔
c8:b2:9b,Intel英特尔
6c:6a:77,Intel英特尔
a4:b1:c1,Intel英特尔
34:2e:b7,Intel英特尔
8c:c6:81,Intel英特尔
cc:f9:e4,Intel英特尔
3c:58:c2,Intel英特尔
e4:5e:37,Intel英特尔
24:41:8c,Intel英特尔
60:f2:62,Intel英特尔
c0:b8:83,Intel英特尔
c8:09:a8,Intel英特尔
90:78:41,Intel英特尔
58:a0:23,Intel英特尔
d4:d2:52,Intel英特尔
04:d3:b0,Intel英特尔
a8:30:bc,三星
78:46:d4,三星
e4:3e:c6,华为
38:88:1e,华为
2c:db:07,Intel英特尔
98:8d:46,Intel英特尔
00:1e:b2,LG
64:3a:ea,思科
e8:13:6e,华为
4c:ae:13,华为
10:bc:97,vivo
d4:f7:56,中兴
54:88:de,思科
24:fd:0d,Intel英特尔
40:aa:56,东方龙
68:54:5a,Intel英特尔
bc:7e:8b,三星
0c:31:dc,华为
20:f4:4f,诺基亚
04:76:b0,思科
40:f0:78,思科
f8:2e:3f,华为
90:a5:af,华为
ec:4d:3e,小米
98:60:ca,苹果
44:90:bb,苹果
34:fd:6a,苹果
fc:44:9f,中兴
20:4e:f6,AzureWave海华
44:35:83,苹果
38:ca:73,Intel英特尔
6c:0d:c4,小米
c4:40:f6,OPPO
54:9f:c6,思科
f0:1d:2d,思科
44:3b:32,Intel英特尔
88:89:2f,华为
28:e5:b0,华为
4c:02:20,小米
c0:94:ad,中兴
1c:90:be,爱立信
9c:b2:e8,华为
30:be:3b,三菱
0c:b7:89,荣耀
8c:34:01,OPPO
68:72:c3,三星
70:b1:3d,三星
3c:a3:7e,华为
00:e9:3a,AzureWave海华
18:0f:76,D-Link
00:ad:24,D-Link
60:63:4c,D-Link
c4:e9:0a,D-Link
f0:b4:d2,D-Link
e0:1c:fc,D-Link
e0:6d:17,苹果
f0:b3:ec,苹果
f4:65:a6,苹果
78:98:e8,D-Link
44:f2:1b,苹果
74:65:0c,苹果
fc:d4:36,联想
0c:ec:8d,联想
18:4f:5d,日本无线
10:3f:44,小米
a8:9a:d7,诺基亚
84:f1:47,思科
f8:7a:41,思科
74:e9:bf,华为
d8:10:9f,华为
68:3e:26,Intel英特尔
8c:55:4a,Intel英特尔
40:1c:83,Intel英特尔
38:fc:98,Intel英特尔
50:2f:9b,Intel英特尔
f8:5e:a0,Intel英特尔
a4:6b:b6,Intel英特尔
3c:54:47,华为
00:6b:6f,华为
a0:3d:6e,思科
70:9c:d1,Intel英特尔
8c:de:f9,小米
d0:3c:1f,Intel英特尔
b0:8b:d0,思科
6c:d7:04,华为
54:3a:d6,三星
54:46:17,中兴
9c:bc:f0,小米
14:23:0a,华为
58:ae:a8,华为
48:ec:5b,诺基亚
00:77:e4,诺基亚
d8:14:df,王牌
84:5c:f3,Intel英特尔
6c:02:e0,惠普
f0:f5:64,三星
6c:13:d5,思科
68:ab:bc,小米
64:13:ab,华为
b0:60:88,Intel英特尔
fc:04:1c,OPPO
f4:d4:88,苹果
68:2f:67,苹果
50:ed:3c,苹果
fc:40:09,中兴
64:07:f6,三星
e0:cb:bc,思科
68:3a:1e,思科
24:a6:5e,中兴
50:98:39,小米
68:4a:ae,华为
60:d7:55,华为
1c:cc:d6,小米
1c:ae:cb,华为
04:4a:6c,华为
38:fb:14,华为
f0:e4:a2,华为
10:63:c8,Liteon光宝
58:20:59,小米
74:e1:b6,苹果
24:a5:2c,华为
48:27:59,乐视
d4:ad:bd,思科
f4:0e:01,苹果
14:95:ce,苹果
50:de:06,苹果
cc:66:0a,苹果
fc:1d:43,苹果
e4:7e:9a,中兴
00:24:e9,三星
68:3b:78,思科
68:ab:09,诺基亚
00:f6:20,谷歌
7c:94:2a,华为
1c:b7:96,华为
38:47:bc,华为
54:92:09,华为
74:59:09,华为
5c:5a:c7,思科
00:ed:b8,京瓷
c4:c6:03,思科
98:86:5d,诺基亚
2c:4f:52,思科
68:a0:3e,华为
b8:c3:85,华为
4c:e9:e4,H3C
c8:a7:76,华为
a4:00:e2,华为
b4:c4:fc,小米
c4:f7:d5,思科
7c:d6:61,小米
98:b8:ba,LG
4c:bc:48,思科
d4:78:9b,思科
48:3f:e9,华为
14:3c:c3,华为
a8:e5:44,华为
00:40:bc,LG
1c:7f:2c,华为
88:bc:c1,华为
8c:42:6d,华为
b8:b2:f8,苹果
98:46:0a,苹果
b8:5d:0a,苹果
7c:9a:1d,苹果
10:30:25,苹果
54:62:e2,苹果
14:9d:99,苹果
14:7b:ac,诺基亚
d4:bb:c8,vivo
48:95:07,OPPO
cc:dc:55,东方龙
28:ff:b2,东芝
f4:b5:aa,中兴
e8:ac:ad,中兴
e4:46:da,小米
d8:55:75,三星
d4:11:a3,三星
04:ba:8d,三星
8c:5a:f8,小米
58:d9:c3,联想
2c:73:a0,思科
3c:83:75,微软
00:29:c2,思科
34:da:b7,中兴
d4:ad:71,思科
4c:dd:7d,惠普
b8:bc:5b,三星
4c:21:8c,松下
2c:4e:7d,Intel英特尔
74:3a:65,日本电气
00:25:5c,日本电气
cc:70:ed,思科
ec:f0:fe,中兴
70:b3:17,思科
28:e9:8e,三菱
34:f8:e7,思科
b0:90:7e,思科
e4:ca:12,中兴
d4:9e:05,中兴
58:5f:f6,中兴
c0:9a:d0,苹果
94:b0:1f,苹果
b8:c7:4a,OPPO
d8:ce:3a,小米
74:85:c4,H3C
94:f6:d6,苹果
f8:2d:7c,苹果
0c:b4:a4,Intel英特尔
90:63:3b,三星
fc:aa:b6,三星
a8:90:42,Intel英特尔
90:c5:4a,vivo
78:23:27,三星
dc:f7:56,三星
a8:23:fe,LG
1c:59:9b,华为
08:ba:5f,海信
10:df:fc,西门子
1c:42:7d,OPPO
80:69:33,华为
bc:26:c7,思科
18:81:0e,苹果
60:8c:4a,苹果
74:b5:87,苹果
fc:b6:d8,苹果
24:1b:7a,苹果
8c:fe:57,苹果
c0:a6:00,苹果
e4:db:6d,小米
00:18:27,日本电气
dc:39:79,思科
dc:90:88,华为
cc:21:19,三星
00:03:93,苹果
30:4b:07,联想
50:2f:a8,思科
90:2b:d2,华为
20:f7:7c,vivo
00:45:1d,思科
00:0b:a3,西门子
70:2a:d5,三星
38:6e:88,中兴
40:ee:dd,华为
ac:75:1d,华为
28:9e:97,华为
98:a4:04,爱立信
8c:15:c7,华为
60:fa:9d,华为
dc:99:14,华为
30:45:96,华为
c0:f4:e6,华为
74:eb:80,三星
0c:e0:dc,三星
d8:68:c3,三星
c4:93:d9,三星
a8:2b:b9,三星
f4:bf:80,华为
70:01:b5,思科
7c:2e:bd,谷歌
e0:19:1d,华为
1c:1a:c0,苹果
3c:15:fb,华为
e0:38:3f,中兴
d4:72:26,中兴
40:83:1d,苹果
dc:d3:a2,苹果
5c:1d:d9,苹果
88:ae:07,苹果
68:fe:f7,苹果
88:11:96,华为
e4:0e:ee,华为
0c:2c:54,华为
70:69:5a,思科
00:bf:77,思科
d0:77:14,联想
58:7a:6a,OPPO
00:07:58,东方龙
b0:26:80,思科
d4:93:98,诺基亚
fc:7c:02,斐讯
04:79:70,华为
a0:57:e3,华为
b4:1c:30,中兴
70:5a:ac,三星
84:74:60,中兴
68:ef:43,苹果
d0:2b:20,苹果
2c:61:f6,苹果
d4:a3:3d,苹果
f0:76:6f,苹果
40:98:ad,苹果
6c:4d:73,苹果
e4:8f:34,沃达丰
68:5a:cf,三星
0c:a8:a7,三星
d8:63:75,小米
cc:81:da,斐讯
1c:27:dd,大唐
80:c5:f2,AzureWave海华
68:db:54,斐讯
18:f0:e4,小米
9c:8c:6e,三星
2c:fd:ab,摩托罗拉
30:b4:b8,LG
38:0e:4d,思科
ec:1d:8b,思科
18:06:ff,宏基
3c:a5:81,vivo
34:e9:11,vivo
70:7d:b9,思科
00:bf:61,三星
78:67:d7,苹果
b8:c1:11,苹果
9c:e3:3f,苹果
dc:55:83,OPPO
d0:04:01,联想
a4:07:b6,三星
08:78:08,三星
88:75:98,三星
c0:17:4d,三星
00:22:91,思科
48:d6:d5,谷歌
08:15:2f,三星
f4:f5:db,小米
bc:3d:85,华为
20:54:fa,华为
38:37:8b,华为
ec:d0:9f,小米
e4:ec:10,诺基亚
00:26:92,三菱
8c:c1:21,松下
00:c0:8f,松下
a8:be:27,苹果
c0:a5:3e,苹果
40:9b:cd,D-Link
00:2e:c7,华为
48:8e:ef,华为
94:d0:29,OPPO
30:84:54,OPPO
5c:03:39,华为
f8:28:19,Liteon光宝
d8:6c:63,谷歌
5c:51:81,三星
60:8e:08,三星
94:14:7a,vivo
4c:18:9a,OPPO
b4:bf:f6,三星
58:c5:cb,三星
74:f6:1c,HTC
ec:23:7b,中兴
a0:c9:a0,Murata Manufacturing
84:c0:ef,三星
00:a3:8e,思科
48:a7:4e,中兴
28:c6:3f,Intel英特尔
a8:b8:6e,LG
00:d0:95,阿尔卡特
00:20:da,阿尔卡特
84:a9:c4,华为
a0:08:6f,华为
d0:6f:82,华为
a0:f4:79,华为
84:47:65,华为
c4:ff:1f,华为
b8:37:65,OPPO
c4:0b:cb,小米
00:21:9e,索尼
ac:b5:7d,Liteon光宝
d4:61:9d,苹果
c0:d3:c0,三星
94:8b:c1,三星
14:56:8e,三星
14:bd:61,苹果
9c:da:3e,Intel英特尔
28:3f:69,索尼
00:2c:c8,思科
80:26:89,D-Link
7c:50:49,苹果
c4:b9:cd,思科
d4:61:fe,H3C
64:b4:73,小米
74:51:ba,小米
78:02:f8,小米
88:78:73,Intel英特尔
f8:75:88,华为
f4:4c:7f,华为
f8:a5:c5,思科
ec:01:ee,OPPO
a0:a3:3b,华为
7c:67:a2,Intel英特尔
48:a3:80,金立
94:65:2d,一加
68:27:37,三星
3c:f8:62,Intel英特尔
28:16:ad,Intel英特尔
84:8d:c7,思科
04:5d:4b,索尼
34:78:d7,金立
58:00:e3,Liteon光宝
2c:0b:e9,思科
d0:ff:98,华为
b0:e5:ed,华为
c4:86:e9,华为
c8:f7:33,Intel英特尔
58:40:4e,苹果
d0:c5:f3,苹果
bc:9f:ef,苹果
20:ab:37,苹果
60:f4:45,苹果
c0:bf:c0,华为
9c:d9:cb,乐视
94:e9:79,Liteon光宝
a0:3d:6f,思科
a0:e0:af,思科
a0:8c:f8,华为
00:76:86,思科
d0:60:8c,中兴
b4:96:91,Intel英特尔
c8:21:58,Intel英特尔
70:1c:e7,Intel英特尔
70:3d:15,H3C
14:a5:1a,华为
04:75:03,华为
cc:b0:da,Liteon光宝
9c:7d:a3,华为
a4:c6:4f,华为
00:d7:8f,思科
2c:ba:ba,三星
40:d3:ae,三星
88:e8:7f,苹果
9c:f4:8e,苹果
5c:f7:e6,苹果
b8:53:ac,苹果
20:3c:ae,苹果
a0:3b:e3,苹果
4c:32:75,苹果
ec:01:e2,日本电气
38:16:d1,三星
d0:17:6a,三星
d4:88:90,三星
54:92:be,三星
20:5d:47,vivo
04:31:10,浪潮
94:9a:a9,微软
60:0b:03,H3C
a0:ab:1b,D-Link
70:2e:22,中兴
00:23:99,三星
00:17:c9,三星
c4:73:1e,三星
7c:f8:54,三星
00:1b:98,三星
00:1a:8a,三星
3c:5a:37,三星
f4:9f:54,三星
34:c3:ac,三星
44:f4:59,三星
00:26:5d,三星
cc:f9:e8,三星
d8:57:ef,三星
18:e2:c2,三星
98:52:b1,三星
e4:40:e2,三星
10:3b:59,三星
d8:90:e8,三星
c4:62:ea,三星
14:f4:2a,三星
08:08:c2,三星
cc:fe:3c,三星
28:ba:b5,三星
18:26:66,三星
30:d6:c9,三星
cc:07:ab,三星
00:25:67,三星
bc:b1:f3,三星
1c:62:b8,三星
b4:3a:28,三星
78:a8:73,三星
00:1c:43,三星
00:23:d6,三星
e4:12:1d,三星
00:2a:10,思科
00:a2:89,思科
b8:bf:83,Intel英特尔
54:8c:a0,Liteon光宝
8c:0d:76,华为
84:be:52,华为
84:9f:b5,华为
a4:ca:a0,华为
d8:30:62,苹果
58:fb:84,Intel英特尔
3c:6f:ea,松下
c8:8d:83,华为
c8:1f:be,华为
20:3d:b2,华为
48:d5:39,华为
00:0a:0e,vivo
d8:4f:b8,LG
00:16:b9,惠普
c4:08:4a,诺基亚
00:07:72,阿尔卡特
e0:30:05,阿尔卡特
0c:a4:02,阿尔卡特
a0:f3:e4,阿尔卡特
84:db:fc,诺基亚
48:88:ca,摩托罗拉
00:a7:42,思科
00:aa:70,LG
f8:95:c7,LG
84:d9:31,H3C
54:09:55,中兴
00:1e:75,LG
00:1c:62,LG
50:55:27,LG
88:c9:d0,LG
c0:41:f6,LG
8c:3a:e3,LG
18:33:9d,思科
08:21:ef,三星
34:14:5f,三星
00:07:ba,UT斯达康
60:e3:ac,LG
90:f0:52,魅族
8c:fd:f0,高通
98:cf:53,步步高
d4:a1:48,华为
d0:65:ca,华为
48:6b:2c,步步高
6c:25:b9,步步高
2c:28:2d,步步高
48:13:f3,步步高
8c:eb:c6,华为
b0:89:00,华为
4c:0b:be,微软
d8:d4:3c,索尼
e4:02:9b,Intel英特尔
dc:1a:c5,vivo
84:51:81,三星
b8:8d:12,苹果
c8:16:bd,海信
00:eb:d5,思科
cc:cc:81,华为
9c:dd:1f,Intel英特尔
70:28:8b,三星
34:8a:7b,三星
d0:57:7b,Intel英特尔
78:00:9e,三星
ac:c3:3a,三星
54:f2:01,三星
c4:a3:66,中兴
60:73:bc,中兴
08:c0:21,华为
60:08:10,华为
48:43:5a,华为
8c:8e:f2,苹果
90:b0:ed,苹果
70:ba:ef,H3C
58:6a:b1,H3C
04:d3:cf,苹果
7c:b0:c2,Intel英特尔
c4:ca:d9,H3C
58:66:ba,H3C
e0:0e:da,思科
c4:f0:81,华为
80:13:82,华为
94:fe:22,华为
c8:25:e1,乐视
04:2a:e2,思科
b0:1b:d2,乐视
e4:a1:e6,阿尔卡特
1c:3a:de,三星
60:83:34,华为
e4:7e:66,华为
94:db:da,华为
b8:05:ab,中兴
78:96:82,中兴
9c:52:f8,华为
a4:bf:01,Intel英特尔
50:9e:a7,三星
a8:81:95,三星
88:ad:d2,三星
00:cc:fc,思科
00:19:c5,索尼
00:13:15,索尼
fc:1a:11,vivo
a0:c5:89,Intel英特尔
b4:8b:19,苹果
bc:ec:5d,苹果
28:a0:2b,苹果
a8:44:81,诺基亚
88:44:f6,诺基亚
00:60:dc,日本电气
00:1c:35,诺基亚
00:1c:9a,诺基亚
00:1c:d6,诺基亚
00:1c:d4,诺基亚
00:1d:98,诺基亚
00:1d:e9,诺基亚
00:1e:3a,诺基亚
00:25:48,诺基亚
00:22:fc,诺基亚
00:22:fd,诺基亚
00:21:aa,诺基亚
00:1d:6e,诺基亚
00:23:b4,诺基亚
00:13:70,诺基亚
9c:18:74,诺基亚
00:1b:af,诺基亚
c8:d1:0b,诺基亚
0c:11:67,思科
50:f5:20,三星
64:b3:10,三星
a4:eb:d3,三星
34:37:59,中兴
bc:62:0e,华为
74:a5:28,华为
5c:f6:dc,三星
38:19:2f,诺基亚
b8:c6:8e,三星
04:fe:31,三星
4c:bc:a5,三星
d8:31:cf,三星
18:83:31,三星
9c:65:b0,三星
84:55:a5,三星
a8:7c:01,三星
b0:d0:9c,三星
50:c8:e5,三星
94:92:bc,鑫河
00:26:ff,黑莓
a4:e4:b8,黑莓
f4:0b:93,黑莓
1c:69:a5,黑莓
94:eb:cd,黑莓
28:e3:47,Liteon光宝
44:6d:57,Liteon光宝
9c:b7:0d,Liteon光宝
68:a3:c4,Liteon光宝
70:f1:a1,Liteon光宝
84:00:d2,索尼
30:39:26,索尼
00:eb:2d,索尼
b4:52:7d,索尼
00:d9:d1,索尼
b0:05:94,Liteon光宝
00:01:4a,索尼
00:1e:dc,索尼
00:1d:28,索尼
00:18:13,索尼
40:2b:a1,索尼
6c:71:d9,AzureWave海华
d0:e7:82,AzureWave海华
6c:ad:f8,AzureWave海华
a8:1d:16,AzureWave海华
00:15:af,AzureWave海华
74:f0:6d,AzureWave海华
44:d8:32,AzureWave海华
e0:b9:a5,AzureWave海华
78:18:81,AzureWave海华
a0:d3:7a,Intel英特尔
00:90:27,Intel英特尔
c4:85:08,Intel英特尔
68:05:ca,Intel英特尔
24:77:03,Intel英特尔
74:e5:0b,Intel英特尔
b8:03:05,Intel英特尔
00:a0:c9,Intel英特尔
e0:97:96,华为
14:1a:a3,联想
34:07:fb,爱立信
a4:a1:c2,爱立信
8c:a9:82,Intel英特尔
bc:77:37,Intel英特尔
14:30:c6,联想
d8:fc:93,Intel英特尔
88:07:4b,LG
10:f6:81,vivo
00:57:d2,思科
00:0d:88,D-Link
00:11:95,D-Link
00:13:46,D-Link
b8:a3:86,D-Link
1c:7e:e5,D-Link
1c:bd:b9,D-Link
ac:cf:85,华为
38:71:de,苹果
70:81:eb,苹果
00:e0:fc,华为
64:16:f0,华为
f4:03:04,谷歌
54:60:09,谷歌
a4:77:33,谷歌
80:7a:bf,HTC
78:f8:82,LG
18:8b:45,思科
60:69:44,苹果
00:d0:b7,Intel英特尔
00:13:e8,Intel英特尔
00:13:ce,Intel英特尔
c8:34:8e,Intel英特尔
4c:34:88,Intel英特尔
10:02:b5,Intel英特尔
b8:b8:1e,Intel英特尔
b4:6d:83,Intel英特尔
00:0e:35,Intel英特尔
00:07:e9,Intel英特尔
74:a7:8e,中兴
00:09:2d,HTC
7c:61:93,HTC
90:e7:c4,HTC
94:b2:cc,先锋
04:52:f3,苹果
a8:1b:5a,OPPO
2c:5b:b8,OPPO
88:e3:ab,华为
c4:05:28,华为
3c:df:bd,华为
50:9f:27,华为
80:71:7a,华为
00:21:e8,Murata Manufacturing
00:0e:6d,Murata Manufacturing
20:02:af,Murata Manufacturing
98:f5:37,中兴
5c:4c:a9,华为
f4:c7:14,华为
28:6e:d4,华为
00:1e:10,华为
54:39:df,华为
28:3c:e4,华为
58:7f:66,华为
64:a6:51,华为
08:63:61,华为
8c:34:fd,华为
ac:f7:f3,小米
d4:97:0b,小米
8c:be:be,小米
14:f6:5a,小米
00:9e:c8,小米
0c:1d:af,小米
08:19:a6,华为
3c:f8:08,华为
48:62:76,华为
b4:15:13,华为
ac:4e:91,华为
28:31:52,华为
34:80:b3,小米
f4:8b:32,小米
00:90:21,思科
00:90:b1,思科
74:88:2a,华为
4c:b1:6c,华为
04:bd:70,华为
00:90:d9,思科
00:90:92,思科
00:10:2f,思科
00:10:0d,思科
00:10:07,思科
00:10:14,思科
00:90:bf,思科
00:50:d1,思科
1c:e6:c7,思科
cc:d5:39,思科
4c:00:82,思科
7c:95:f3,思科
34:db:fd,思科
88:5a:92,思科
00:40:0b,思科
00:60:70,思科
50:06:04,思科
00:e0:1e,思科
a0:55:4f,思科
20:4c:9e,思科
84:b8:02,思科
b0:aa:77,思科
bc:c4:93,思科
a4:6c:2a,思科
d0:a5:a6,思科
3c:5e:c3,思科
64:f6:9d,思科
d0:72:dc,思科
28:c7:ce,思科
f4:0f:1b,思科
f8:c2:88,思科
1c:6a:7a,思科
00:1e:e5,思科
48:44:87,思科
38:c8:5c,思科
50:67:ae,思科
f0:9e:63,思科
6c:99:89,思科
18:e7:28,思科
00:12:17,思科
00:13:10,思科
04:6c:9d,思科
84:b2:61,思科
e4:48:c7,思科
00:10:1f,思科
54:a2:74,思科
60:fb:42,苹果
64:b9:e8,苹果
00:1d:4f,苹果
00:23:12,苹果
80:e0:1d,思科
d8:a2:5e,苹果
00:0a:27,苹果
18:34:51,苹果
0c:77:1a,苹果
28:6a:ba,苹果
4c:b1:99,苹果
c0:9f:42,苹果
d0:23:db,苹果
70:de:e2,苹果
f0:cb:a1,苹果
18:20:32,苹果
40:3c:fc,苹果
48:60:bc,苹果
34:51:c9,苹果
40:6c:8f,苹果
58:55:ca,苹果
dc:2b:61,苹果
40:a6:d9,苹果
60:fa:cd,苹果
00:3e:e1,苹果
fc:25:3f,苹果
04:f7:e4,苹果
34:c0:59,苹果
f0:d1:a9,苹果
70:56:81,苹果
14:10:9f,苹果
04:0c:ce,苹果
54:ea:a8,苹果
28:e1:4c,苹果
e4:c6:3d,苹果
54:e4:3a,苹果
04:db:56,苹果
ac:3c:0b,苹果
70:11:24,苹果
04:26:65,苹果
ec:35:86,苹果
78:fd:94,苹果
2c:be:08,苹果
e8:80:2e,苹果
00:61:71,苹果
8c:7c:92,苹果
b0:34:95,苹果
f4:37:b7,苹果
ac:7f:3e,苹果
28:0b:5c,苹果
ac:fd:ec,苹果
dc:9b:9c,苹果
54:72:4f,苹果
d8:cf:9c,苹果
7c:6d:f8,苹果
04:e5:36,苹果
a8:bb:cf,苹果
6c:40:08,苹果
40:33:1a,苹果
cc:c7:60,苹果
bc:4c:c4,苹果
dc:37:14,苹果
20:a2:e4,苹果
28:f0:76,苹果
a4:de:c9,Intel英特尔
e4:35:c8,华为
0c:54:b9,诺基亚
84:10:0d,联想
90:8d:78,D-Link
7c:01:91,苹果
2c:1b:c8,托普
80:d6:05,苹果
40:40:a7,索尼
ac:64:62,中兴
c0:25:a2,日本电气
48:13:7e,三星
08:9b:4b,爱快
dc:2b:2a,苹果
9c:8d:d3,乐视
e8:bd:d1,华为
38:2d:e8,三星
c0:89:97,三星
90:d8:f3,中兴
6c:72:20,D-Link
38:01:95,三星
50:45:f7,Intel英特尔
e0:55:3d,思科
ec:21:e5,东芝
04:c2:3e,HTC
f4:c6:13,阿尔卡特
5c:51:88,联想
0c:e7:25,微软
b4:ae:2b,微软
5c:b3:95,华为
3c:da:2a,中兴
84:2e:27,三星
14:32:d1,三星
18:16:c9,三星
dc:15:db,Intel英特尔
e0:db:10,三星
30:f3:35,华为
64:59:f8,沃达丰
f4:47:13,乐视
5c:a1:78,托普
0c:41:3e,微软
a4:08:ea,Murata Manufacturing
48:ee:0c,D-Link
90:00:db,三星
b4:ef:39,三星
74:a0:63,华为
bc:6e:64,索尼
c8:08:e9,LG
18:3a:2d,三星
d8:74:95,中兴
5c:f7:c3,鑫河
14:36:c6,联想
84:63:d6,微软
04:9b:9c,Intel英特尔
c0:98:79,宏基
b8:4f:d5,微软
88:70:8c,联想
c0:ee:fb,一加
fc:db:b3,Murata Manufacturing
44:74:6c,索尼
70:72:0d,联想
20:6e:9c,三星
6c:2f:2c,三星
60:c1:cb,伟松
18:22:7e,三星
30:c7:ae,三星
44:d4:e0,索尼
70:62:b8,D-Link
70:93:83,Intel英特尔
94:51:bf,现代
24:26:42,夏普
34:de:34,中兴
24:a8:7d,松下
50:1a:c5,微软
b0:98:9f,LG
b8:c1:a2,东方龙
c0:c6:87,思科
cc:e8:ac,数源
30:f3:1d,中兴
a0:ec:80,中兴
cc:1a:fa,中兴
6c:8b:2f,中兴
cc:0d:ec,思科
10:ea:59,思科
ec:89:f5,联想
b4:98:42,中兴
f8:0b:d0,大唐
dc:02:8e,中兴
34:bd:fa,思科
70:25:26,诺基亚
c8:fb:26,思科
10:5f:49,思科
60:45:bd,微软
f4:7f:35,思科
3c:ce:73,思科
4c:c9:4f,诺基亚
88:5c:47,阿尔卡特
94:44:44,LG
4c:64:d9,乐视
1c:b0:94,HTC
f0:f7:55,思科
38:bf:33,日本电气
1c:b1:7f,日本电气
90:56:82,乐视
6c:9c:ed,思科
e0:da:dc,建伍
6c:a7:80,诺基亚
48:f7:f1,诺基亚
30:f9:ed,索尼
30:e4:db,思科
00:07:7d,思科
40:55:39,思科
64:00:f1,思科
58:6d:8f,思科
04:0a:83,阿尔卡特
d8:2a:7e,诺基亚
34:08:04,D-Link
c4:71:fe,思科
94:20:53,诺基亚
00:06:f6,思科
bc:38:d2,熊猫
f0:c8:8c,乐视
b4:0e:dc,爱立信
e0:ee:1b,松下
a0:dd:e5,夏普
48:2c:ea,摩托罗拉
f8:66:f2,思科
ec:23:68,Intel英特尔
64:99:5d,LG
d8:71:57,联想
0c:dd:ef,诺基亚
6c:92:bf,浪潮
e8:5b:5b,LG
d0:f0:db,爱立信
8c:54:1d,LG
88:4b:39,西门子
e8:3a:97,东芝
d4:9c:28,波导
64:16:8d,思科
00:3a:9c,思科
f0:62:81,惠普
c0:38:f9,诺基亚
00:26:fd,Intel英特尔
00:26:ca,思科
00:26:52,思科
00:25:ae,微软
00:24:92,摩托罗拉
00:24:98,思科
00:23:ab,思科
00:22:f3,夏普
00:22:c9,乐视
00:22:56,思科
00:21:92,银河
00:21:d8,思科
00:21:d7,思科
00:21:56,思科
00:21:1c,思科
00:1f:9e,思科
00:1e:f7,思科
00:1f:0c,Intel英特尔
00:1f:28,惠普
00:1d:d8,微软
00:1c:b0,思科
00:1c:57,思科
00:1c:5d,乐视
00:1b:da,UT斯达康
00:1b:8f,思科
00:1b:8b,日本电气
00:1b:67,思科
00:1b:1b,西门子
00:1b:53,思科
00:1b:2b,思科
00:1a:a1,思科
00:1a:70,思科
00:19:e7,思科
00:19:55,思科
00:19:28,西门子
00:18:73,思科
00:18:66,乐视
00:18:42,诺基亚
00:18:18,思科
00:17:ba,桑达
00:17:df,思科
00:16:3d,乐视
00:15:ef,日本电气
00:15:7b,乐视
00:15:63,思科
00:15:58,富士康
00:15:1f,Intel英特尔
00:15:01,乐视
00:14:92,Liteon光宝
00:14:bc,日本电气
00:14:d5,大唐
00:14:6a,思科
00:13:60,思科
00:13:52,中兴
00:13:80,思科
00:12:fe,联想
00:12:d9,思科
00:12:44,思科
00:12:32,乐视
00:12:01,思科
00:12:00,思科
00:11:93,思科
00:11:20,思科
00:0f:c3,Palm
00:0f:8f,思科
00:0f:35,思科
00:0f:23,思科
00:0f:24,思科
00:0e:d6,思科
00:0e:83,思科
00:0e:86,阿尔卡特
00:0e:39,思科
00:0e:2d,现代
00:0d:67,爱立信
00:0d:28,思科
00:0c:31,思科
00:0b:bf,思科
00:0b:46,思科
00:0a:f4,思科
00:0a:41,思科
00:0a:42,思科
00:09:b7,思科
00:09:73,乐视
00:09:45,Palm
00:09:11,思科
00:09:12,思科
00:09:08,伟易达
00:08:e2,思科
00:07:e0,Palm
00:07:84,思科
00:06:00,东芝
00:06:53,思科
00:05:31,思科
00:04:de,思科
00:04:9b,思科
00:04:6b,Palm
00:04:4e,思科
00:04:27,思科
00:03:fe,思科
00:03:fd,思科
00:03:6b,思科
00:03:6c,思科
00:01:ec,爱立信
00:03:31,思科
00:02:fd,思科
00:02:b9,思科
00:02:ba,思科
00:02:4b,思科
00:02:3b,爱立信
00:01:e3,西门子
00:01:c9,思科
00:01:6c,富士康
00:01:43,思科
00:b0:c2,思科
00:30:19,思科
00:30:e3,桑达
00:30:24,思科
00:d0:bc,思科
00:d0:bb,思科
00:d0:aa,采星
00:d0:06,思科
00:d0:c0,思科
00:90:02,LG
00:10:d1,托普
00:60:cb,日立
00:20:7e,日本电气
00:00:0a,欧姆龙
00:00:24,日本电气
00:00:2a,桑达
08:00:7b,三洋
08:00:41,LG
3c:86:d1,vivo
a4:c9:39,OPPO
c0:dc:da,三星
04:b4:29,三星
48:79:4d,三星
f0:ef:86,谷歌
f4:e5:f2,华为
54:13:10,华为
8c:e5:ef,华为
e4:aa:ea,Liteon光宝
4c:71:0c,思科
4c:71:0d,思科
6c:24:a6,vivo
9c:5f:5a,OPPO
e4:47:b3,中兴
7c:21:0e,思科
94:2d:dc,三星
24:5a:b5,三星
c0:d2:dd,三星
ac:1e:92,三星
00:68:eb,惠普
7c:b3:7b,Intel英特尔
a0:1c:8d,华为
7c:31:0e,思科
f4:de:af,华为
60:12:3c,华为
08:2c:b6,苹果
f8:4e:73,苹果
f0:78:07,苹果
3c:cd:36,苹果
d4:b7:09,中兴
ac:bd:0b,乐视
e0:cc:f8,小米
38:68:a4,三星
b4:a5:ac,OPPO
b8:19:04,诺基亚
a0:b4:39,思科
a4:b4:39,思科
cc:f4:11,谷歌
c4:67:d1,华为
c8:c4:65,华为
1c:43:63,华为
94:29:2f,H3C
f8:0f:f9,谷歌
c4:fe:5b,OPPO
44:4a:db,苹果
9c:a5:13,三星
30:90:48,苹果
8c:68:3a,华为
b4:6e:08,华为
70:66:55,AzureWave海华
98:c8:b8,vivo
d8:4c:90,苹果
24:d0:df,苹果
6c:4a:85,苹果
28:f0:33,苹果
bc:09:63,苹果
44:5c:e9,三星
28:e3:4e,华为
bc:4a:56,思科
90:17:3f,华为
54:0e:2d,vivo
70:8f:47,vivo
60:7e:cd,华为
54:8a:ba,思科
ec:6c:b5,中兴
c0:b1:01,中兴
14:01:52,三星
98:f6:21,小米
20:64:cb,OPPO
14:13:fb,华为
94:08:53,Liteon光宝
e8:7f:95,苹果
88:c0:8b,苹果
98:06:3c,三星
38:de:ad,Intel英特尔
d4:6d:6d,Intel英特尔
b4:69:21,Intel英特尔
f8:f2:1e,Intel英特尔
4c:7c:d9,苹果
7c:b2:7d,Intel英特尔
04:ed:33,Intel英特尔
5c:80:b6,Intel英特尔
84:c5:a6,Intel英特尔
ac:67:5d,Intel英特尔
f8:e4:e3,Intel英特尔
ac:12:03,Intel英特尔
dc:1b:a1,Intel英特尔
04:33:c2,Intel英特尔
c8:58:c0,Intel英特尔
64:bc:58,Intel英特尔
a4:c3:f0,Intel英特尔
50:76:af,Intel英特尔
b0:76:1b,华为
8c:0e:60,Intel英特尔
18:ab:1d,三星
bc:e9:2f,惠普
84:37:d5,三星
34:82:c5,三星
7c:2a:db,小米
f8:64:b8,中兴
1c:3d:2f,华为
ec:75:3e,华为
08:38:69,Intel英特尔
64:e7:d8,三星
b0:a4:60,Intel英特尔
94:17:00,小米
00:e4:06,华为
44:22:7c,华为
cc:b1:82,华为
48:90:2f,LG
04:e7:95,华为
68:9e:0b,思科
bc:a5:a9,苹果
20:e2:a8,苹果
a0:fb:c5,苹果
00:7d:60,苹果
6c:1e:d7,vivo
b0:a6:51,思科
b8:5f:b0,华为
c4:fb:aa,华为
ac:dc:ca,华为
64:a2:00,小米
28:0f:c5,乐视
b0:ec:dd,华为
ac:67:84,谷歌
9c:5f:b0,三星
e8:7f:6b,三星
18:5b:b3,三星
5c:c0:a0,华为
04:f3:52,华为
ec:a1:d1,华为
a4:6d:a4,华为
48:8b:0a,思科
e4:f1:d4,vivo
58:d5:6e,D-Link
f4:8c:eb,D-Link
ec:ad:e0,D-Link
34:0a:33,D-Link
c4:0b:31,苹果
30:24:a9,惠普
60:3c:ee,LG
0c:35:4f,诺基亚
f8:a7:3a,思科
b8:11:4b,思科
9c:05:67,荣耀
b0:7d:64,Intel英特尔
00:42:38,Intel英特尔
c0:e3:fb,华为
d4:ec:ab,vivo
bc:3e:cb,vivo
08:79:8c,华为
08:9b:b9,诺基亚
44:ae:25,思科
bc:e7:12,思科
50:3d:c6,小米
8c:ea:48,三星
bc:f4:5f,中兴
14:18:c3,Intel英特尔
24:ed:fd,西门子
b0:16:56,华为
04:79:75,荣耀
f8:8f:07,三星
14:eb:08,华为
14:89:cb,华为
6c:26:36,华为
58:56:c2,华为
a0:36:79,华为
48:68:4a,Intel英特尔
bc:f1:71,Intel英特尔
b8:d6:f6,华为
2c:52:af,华为
14:98:77,苹果
88:66:5a,苹果
b0:e5:f9,苹果
ac:17:c8,思科
98:18:88,思科
4c:c8:a1,思科